[{"col":1,"row":1,"width":12,"height":140,"children":[{"id":"klinisk_kontakt/blodtrykk","rows":[{"cols":[{"width":"100%","children":[{"id":"klinisk_kontakt/blodtrykk/uspesifisert_hendelse","rows":[{"cols":[{"width":"100%","children":[{"id":"klinisk_kontakt/blodtrykk/uspesifisert_hendelse/systolisk","rows":[]},{"id":"klinisk_kontakt/blodtrykk/uspesifisert_hendelse/diastolisk","rows":[]},{"id":"klinisk_kontakt/blodtrykk/uspesifisert_hendelse/middelarterietrykk","rows":[]},{"id":"klinisk_kontakt/blodtrykk/uspesifisert_hendelse/pulstrykk","rows":[]},{"id":"klinisk_kontakt/blodtrykk/uspesifisert_hendelse/tilt","rows":[]},{"id":"klinisk_kontakt/blodtrykk/uspesifisert_hendelse/konfunderende_faktorer","rows":[]},{"id":"klinisk_kontakt/blodtrykk/uspesifisert_hendelse/time","rows":[]}]}]}]}]}]}]},{"id":"klinisk_kontakt/kroppstemperatur","rows":[{"cols":[{"width":"100%","children":[{"id":"klinisk_kontakt/kroppstemperatur/uspesifisert_hendelse","rows":[{"cols":[{"width":"100%","children":[{"id":"klinisk_kontakt/kroppstemperatur/uspesifisert_hendelse/temperatur","rows":[]},{"id":"klinisk_kontakt/kroppstemperatur/uspesifisert_hendelse/time","rows":[]}]}]}]},{"id":"klinisk_kontakt/kroppstemperatur/målested","rows":[]}]}]}]},{"id":"klinisk_kontakt/vitalia_sammendrag_dips/any_event/vitalia_sammendrag/vitalia_sammendrag","rows":[]}]}]