{"name":"Form root","localizedNames":{},"localizedDescriptions":{},"rmType":"FORM_DEFINITION","min":0,"max":0,"formId":"form_root","viewConfig":{"label":{"custom":false,"useLocalizations":false},"size":{"field":"inherit","label":"inherit"},"layout":{"label":{"valign":"inherit","align":"inherit"},"field":{"valign":"inherit","align":"inherit"}},"annotations":{"#BT":"select o\r\nfrom composition c\r\ncontains OBSERVATION o[openEHR-EHR-OBSERVATION.blood_pressure.v1]\r\norder by c/context/start_time/value desc\r\nlimit 10\r\n\r\n","#TMP":"select o\r\nfrom composition c\r\ncontains OBSERVATION o[openEHR-EHR-OBSERVATION.body_temperature.v1]\r\norder by c/context/start_time/value desc\r\nlimit 10"}},"children":[{"name":"Blodtrykk","localizedName":"Blodtrykk","localizedNames":{"en":"*Blodtrykk (nb)","nb":"Blodtrykk"},"localizedDescriptions":{"nb":"Måling av blodtrykket som uttrykk for det arterielle blodtrykk i det systemiske kretsløp.","en":"*Måling av blodtrykket som uttrykk for det arterielle blodtrykk i det systemiske kretsløp. (nb)"},"rmType":"OBSERVATION","nodeId":"openEHR-EHR-OBSERVATION.blood_pressure.v1","min":0,"max":-1,"aqlPath":"/content[openEHR-EHR-OBSERVATION.blood_pressure.v1]","inputs":[],"formId":"klinisk_kontakt/blodtrykk","viewConfig":{"multiplicity":{"min":0,"max":-1},"advanced":{"hidden":false,"readonly":false,"hideFrame":false,"render":false},"label":{"custom":false,"useLocalizations":false},"size":{"field":"inherit","label":"inherit"},"layout":{"label":{"valign":"inherit","align":"inherit"},"field":{"valign":"inherit","align":"inherit"}},"annotations":{"selectreadonly":"{#BT}"},"field":{},"tags":[]},"children":[{"name":"Uspesifisert hendelse","localizedName":"Uspesifisert hendelse","localizedNames":{"en":"*Uspesifisert hendelse (nb)","nb":"Uspesifisert hendelse"},"localizedDescriptions":{"nb":"Standard, uspesifisert tidspunkt eller tidsintervall som kan defineres mer eksplisitt i en template eller i en applikasjon.","en":"*Standard, uspesifisert tidspunkt eller tidsintervall som kan defineres mer eksplisitt i en template eller i en applikasjon. (nb)"},"rmType":"EVENT","nodeId":"at0006","min":0,"max":-1,"aqlPath":"/content[openEHR-EHR-OBSERVATION.blood_pressure.v1]/data[at0001]/events[at0006]","inputs":[],"formId":"klinisk_kontakt/blodtrykk/uspesifisert_hendelse","viewConfig":{"multiplicity":{"min":0,"max":-1},"advanced":{"hidden":false,"readonly":false,"hideFrame":false,"render":false},"label":{"custom":false,"useLocalizations":false},"size":{"field":"inherit","label":"inherit"},"layout":{"label":{"valign":"inherit","align":"inherit"},"field":{"valign":"inherit","align":"inherit"}},"annotations":{},"tags":["ShowAsTable"]},"children":[{"name":"Systolisk","localizedName":"Systolisk","localizedNames":{"en":"*Systolisk (nb)","nb":"Systolisk"},"localizedDescriptions":{"nb":"Maksimalt systemisk arterielt blodtrykk - målt i systolen, det vil si i hjertets kontraksjonsfase.","en":"*Maksimalt systemisk arterielt blodtrykk - målt i systolen, det vil si i hjertets kontraksjonsfase. (nb)"},"rmType":"DV_QUANTITY","nodeId":"at0004","min":0,"max":1,"aqlPath":"/content[openEHR-EHR-OBSERVATION.blood_pressure.v1]/data[at0001]/events[at0006]/data[at0003]/items[at0004]/value","inputs":[{"suffix":"magnitude","type":"DECIMAL","defaultValue":"","listOpen":false},{"suffix":"unit","type":"CODED_TEXT","list":[{"value":"mm[Hg]","label":"mm[Hg]","validation":{"range":{"minOp":">=","min":0.0,"maxOp":"<","max":1000.0},"precision":{"minOp":">=","min":0.0,"maxOp":"<=","max":0.0}},"ordinal":0,"localizedLabels":{},"localizedDescriptions":{}}],"listOpen":false}],"formId":"klinisk_kontakt/blodtrykk/uspesifisert_hendelse/systolisk","viewConfig":{"multiplicity":{"min":0,"max":1},"advanced":{"hidden":false,"readonly":false,"hideFrame":false,"render":false},"label":{"custom":false,"useLocalizations":false},"size":{"field":"inherit","label":"inherit"},"layout":{"label":{"valign":"inherit","align":"inherit"},"field":{"valign":"inherit","align":"inherit"}},"annotations":{},"field":{}}},{"name":"Diastolisk","localizedName":"Diastolisk","localizedNames":{"en":"*Diastolisk (nb)","nb":"Diastolisk"},"localizedDescriptions":{"nb":"Laveste systemiske arterielle blodtrykk - målt i diastolen, det vil si under hjertets relaksasjonsfase.","en":"*Laveste systemiske arterielle blodtrykk - målt i diastolen, det vil si under hjertets relaksasjonsfase. (nb)"},"rmType":"DV_QUANTITY","nodeId":"at0005","min":0,"max":1,"aqlPath":"/content[openEHR-EHR-OBSERVATION.blood_pressure.v1]/data[at0001]/events[at0006]/data[at0003]/items[at0005]/value","inputs":[{"suffix":"magnitude","type":"DECIMAL","defaultValue":"","listOpen":false},{"suffix":"unit","type":"CODED_TEXT","list":[{"value":"mm[Hg]","label":"mm[Hg]","validation":{"range":{"minOp":">=","min":0.0,"maxOp":"<","max":1000.0},"precision":{"minOp":">=","min":0.0,"maxOp":"<=","max":0.0}},"ordinal":0,"localizedLabels":{},"localizedDescriptions":{}}],"listOpen":false}],"formId":"klinisk_kontakt/blodtrykk/uspesifisert_hendelse/diastolisk","viewConfig":{"multiplicity":{"min":0,"max":1},"advanced":{"hidden":false,"readonly":false,"hideFrame":false,"render":false},"label":{"custom":false,"useLocalizations":false},"size":{"field":"inherit","label":"inherit"},"layout":{"label":{"valign":"inherit","align":"inherit"},"field":{"valign":"inherit","align":"inherit"}},"annotations":{},"field":{}}},{"name":"Middelarterietrykk","localizedName":"Middelarterietrykk","localizedNames":{"en":"*Middelarterietrykk (nb)","nb":"Middelarterietrykk"},"localizedDescriptions":{"nb":"Det gjennomsnittlige trykket mot arterieveggen gjennom en enkelt hjertesyklus. Middeltrykk/MAP måles direkte eller beregnes ut fra systolisk og diastolisk trykk ved hjelp av en matematisk formel.","en":"*Det gjennomsnittlige trykket mot arterieveggen gjennom en enkelt hjertesyklus. Middeltrykk/MAP måles direkte eller beregnes ut fra systolisk og diastolisk trykk ved hjelp av en matematisk formel. (nb)"},"rmType":"DV_QUANTITY","nodeId":"at1006","min":0,"max":1,"aqlPath":"/content[openEHR-EHR-OBSERVATION.blood_pressure.v1]/data[at0001]/events[at0006]/data[at0003]/items[at1006]/value","inputs":[{"suffix":"magnitude","type":"DECIMAL","defaultValue":"","listOpen":false},{"suffix":"unit","type":"CODED_TEXT","list":[{"value":"mm[Hg]","label":"mm[Hg]","validation":{"range":{"minOp":">=","min":0.0,"maxOp":"<","max":1000.0},"precision":{"minOp":">=","min":0.0,"maxOp":"<=","max":0.0}},"ordinal":0,"localizedLabels":{},"localizedDescriptions":{}}],"listOpen":false}],"formId":"klinisk_kontakt/blodtrykk/uspesifisert_hendelse/middelarterietrykk","viewConfig":{"multiplicity":{"min":0,"max":1},"advanced":{"hidden":false,"readonly":false,"hideFrame":false,"render":false},"label":{"custom":false,"useLocalizations":false},"size":{"field":"inherit","label":"inherit"},"layout":{"label":{"valign":"inherit","align":"inherit"},"field":{"valign":"inherit","align":"inherit"}},"annotations":{},"field":{}}},{"name":"Pulstrykk","localizedName":"Pulstrykk","localizedNames":{"en":"*Pulstrykk (nb)","nb":"Pulstrykk"},"localizedDescriptions":{"nb":"Differansen mellom det systoliske og diastoliske arterielle blodtrykket.","en":"*Differansen mellom det systoliske og diastoliske arterielle blodtrykket. (nb)"},"rmType":"DV_QUANTITY","nodeId":"at1007","min":0,"max":1,"aqlPath":"/content[openEHR-EHR-OBSERVATION.blood_pressure.v1]/data[at0001]/events[at0006]/data[at0003]/items[at1007]/value","inputs":[{"suffix":"magnitude","type":"DECIMAL","defaultValue":"","listOpen":false},{"suffix":"unit","type":"CODED_TEXT","list":[{"value":"mm[Hg]","label":"mm[Hg]","validation":{"range":{"minOp":">=","min":0.0,"maxOp":"<","max":1000.0},"precision":{"minOp":">=","min":0.0,"maxOp":"<=","max":0.0}},"ordinal":0,"localizedLabels":{},"localizedDescriptions":{}}],"listOpen":false}],"formId":"klinisk_kontakt/blodtrykk/uspesifisert_hendelse/pulstrykk","viewConfig":{"multiplicity":{"min":0,"max":1},"advanced":{"hidden":false,"readonly":false,"hideFrame":false,"render":false},"label":{"custom":false,"useLocalizations":false},"size":{"field":"inherit","label":"inherit"},"layout":{"label":{"valign":"inherit","align":"inherit"},"field":{"valign":"inherit","align":"inherit"}},"annotations":{},"field":{}}},{"name":"Tilt","localizedName":"Tilt","localizedNames":{"en":"*Tilt (nb)","nb":"Tilt"},"localizedDescriptions":{"nb":"Kranio-caudal tilt på tidspunkt for blodtrykksmåling.","en":"*Kranio-caudal tilt på tidspunkt for blodtrykksmåling. (nb)"},"rmType":"DV_QUANTITY","nodeId":"at1005","min":0,"max":1,"aqlPath":"/content[openEHR-EHR-OBSERVATION.blood_pressure.v1]/data[at0001]/events[at0006]/state[at0007]/items[at1005]/value","inputs":[{"suffix":"magnitude","type":"DECIMAL","defaultValue":"","listOpen":false},{"suffix":"unit","type":"CODED_TEXT","list":[{"value":"deg","label":"deg","validation":{"range":{"minOp":">=","min":-90.0,"maxOp":"<=","max":90.0},"precision":{"minOp":">=","min":0.0,"maxOp":"<=","max":0.0}},"ordinal":0,"localizedLabels":{},"localizedDescriptions":{}}],"listOpen":false}],"formId":"klinisk_kontakt/blodtrykk/uspesifisert_hendelse/tilt","viewConfig":{"multiplicity":{"min":0,"max":1},"advanced":{"hidden":false,"readonly":false,"hideFrame":false,"render":false},"label":{"custom":false,"useLocalizations":false},"size":{"field":"inherit","label":"inherit"},"layout":{"label":{"valign":"inherit","align":"inherit"},"field":{"valign":"inherit","align":"inherit"}},"annotations":{},"field":{}}},{"name":"Konfunderende faktorer","localizedName":"Konfunderende faktorer","localizedNames":{"en":"*Konfunderende faktorer (nb)","nb":"Konfunderende faktorer"},"localizedDescriptions":{"nb":"Kommentar til og registrering av andre faktorer som kan påvirke blodtrykksmålingen. For eksempel angst eller \"hvit frakk syndrom\", smerter eller feber, endringer i atmosfærisk trykk osv.","en":"*Kommentar til og registrering av andre faktorer som kan påvirke blodtrykksmålingen. For eksempel angst eller \"hvit frakk syndrom\", smerter eller feber, endringer i atmosfærisk trykk osv. (nb)"},"rmType":"DV_TEXT","nodeId":"at1052","min":0,"max":1,"aqlPath":"/content[openEHR-EHR-OBSERVATION.blood_pressure.v1]/data[at0001]/events[at0006]/state[at0007]/items[at1052]/value","inputs":[{"type":"TEXT","list":[],"listOpen":false}],"formId":"klinisk_kontakt/blodtrykk/uspesifisert_hendelse/konfunderende_faktorer","viewConfig":{"multiplicity":{"min":0,"max":1},"advanced":{"hidden":false,"readonly":false,"hideFrame":false,"render":false},"label":{"custom":false,"useLocalizations":false},"size":{"field":"inherit","label":"inherit"},"layout":{"label":{"valign":"inherit","align":"inherit"},"field":{"valign":"inherit","align":"inherit"}},"datasource":{"loadRemote":false,"parameters":{}},"annotations":{},"field":{"lines":null,"input":{},"formatting":null}}},{"name":"Time","localizedName":"Time","localizedNames":{"en":"*Time (en)","nb":"Time"},"localizedDescriptions":{},"rmType":"DV_DATE_TIME","min":0,"max":1,"aqlPath":"/content[openEHR-EHR-OBSERVATION.blood_pressure.v1]/data[at0001]/events[at0006]/time","inputs":[{"type":"DATETIME","listOpen":false}],"formId":"klinisk_kontakt/blodtrykk/uspesifisert_hendelse/time","viewConfig":{"multiplicity":{"min":0,"max":1},"advanced":{"hidden":false,"readonly":false,"hideFrame":false,"render":false},"label":{"custom":false,"useLocalizations":false},"size":{"field":"inherit","label":"inherit"},"layout":{"label":{"valign":"inherit","align":"inherit"},"field":{"valign":"inherit","align":"inherit"}},"annotations":{},"field":{"input":{"hideTime":false,"dateFormat":"","hideDate":false}}}}]}]},{"name":"Kroppstemperatur","localizedName":"Kroppstemperatur","localizedNames":{"en":"*Kroppstemperatur (nb)","nb":"Kroppstemperatur"},"localizedDescriptions":{"nb":"Måling av kroppstemperatur som skal gjenspeile et individs kjernetemperatur.","en":"*Måling av kroppstemperatur som skal gjenspeile et individs kjernetemperatur. (nb)"},"rmType":"OBSERVATION","nodeId":"openEHR-EHR-OBSERVATION.body_temperature.v1","min":0,"max":-1,"aqlPath":"/content[openEHR-EHR-OBSERVATION.body_temperature.v1]","inputs":[],"formId":"klinisk_kontakt/kroppstemperatur","viewConfig":{"multiplicity":{"min":0,"max":-1},"advanced":{"hidden":false,"readonly":false,"hideFrame":false,"render":false},"label":{"custom":false,"useLocalizations":false},"size":{"field":"inherit","label":"inherit"},"layout":{"label":{"valign":"inherit","align":"inherit"},"field":{"valign":"inherit","align":"inherit"}},"annotations":{"selectreadonly":"{#TMP}"},"field":{},"tags":[]},"children":[{"name":"Uspesifisert hendelse","localizedName":"Uspesifisert hendelse","localizedNames":{"en":"*Uspesifisert hendelse (nb)","nb":"Uspesifisert hendelse"},"localizedDescriptions":{"nb":"Standard, uspesifisert tidspunkt eller tidsintervall som kan defineres mer eksplisitt i en template eller i en applikasjon.","en":"*Standard, uspesifisert tidspunkt eller tidsintervall som kan defineres mer eksplisitt i en template eller i en applikasjon. (nb)"},"rmType":"EVENT","nodeId":"at0003","min":0,"max":-1,"aqlPath":"/content[openEHR-EHR-OBSERVATION.body_temperature.v1]/data[at0002]/events[at0003]","inputs":[],"formId":"klinisk_kontakt/kroppstemperatur/uspesifisert_hendelse","viewConfig":{"multiplicity":{"min":0,"max":-1},"advanced":{"hidden":false,"readonly":false,"hideFrame":false,"render":false},"label":{"custom":false,"useLocalizations":false},"size":{"field":"inherit","label":"inherit"},"layout":{"label":{"valign":"inherit","align":"inherit"},"field":{"valign":"inherit","align":"inherit"}},"annotations":{},"tags":["ShowAsTable"]},"children":[{"name":"Temperatur","localizedName":"Temperatur","localizedNames":{"en":"*Temperatur (nb)","nb":"Temperatur"},"localizedDescriptions":{"nb":"Målt kroppstemperatur som uttrykk for kjernetemperatur.","en":"*Målt kroppstemperatur som uttrykk for kjernetemperatur. (nb)"},"rmType":"DV_QUANTITY","nodeId":"at0004","min":1,"max":1,"aqlPath":"/content[openEHR-EHR-OBSERVATION.body_temperature.v1]/data[at0002]/events[at0003]/data[at0001]/items[at0004]/value","inputs":[{"suffix":"magnitude","type":"DECIMAL","defaultValue":"","listOpen":false},{"suffix":"unit","type":"CODED_TEXT","list":[{"value":"Cel","label":"Cel","validation":{"range":{"minOp":">=","min":0.0,"maxOp":"<","max":100.0}},"ordinal":0,"localizedLabels":{},"localizedDescriptions":{}}],"listOpen":false}],"formId":"klinisk_kontakt/kroppstemperatur/uspesifisert_hendelse/temperatur","viewConfig":{"multiplicity":{"min":1,"max":1},"advanced":{"hidden":false,"readonly":false,"hideFrame":false,"render":false},"label":{"custom":false,"useLocalizations":false},"size":{"field":"inherit","label":"inherit"},"layout":{"label":{"valign":"inherit","align":"inherit"},"field":{"valign":"inherit","align":"inherit"}},"annotations":{},"field":{}}},{"name":"Time","localizedName":"Time","localizedNames":{"en":"*Time (en)","nb":"Time"},"localizedDescriptions":{},"rmType":"DV_DATE_TIME","min":0,"max":1,"aqlPath":"/content[openEHR-EHR-OBSERVATION.body_temperature.v1]/data[at0002]/events[at0003]/time","inputs":[{"type":"DATETIME","listOpen":false}],"formId":"klinisk_kontakt/kroppstemperatur/uspesifisert_hendelse/time","viewConfig":{"multiplicity":{"min":0,"max":1},"advanced":{"hidden":false,"readonly":false,"hideFrame":false,"render":false},"label":{"custom":false,"useLocalizations":false},"size":{"field":"inherit","label":"inherit"},"layout":{"label":{"valign":"inherit","align":"inherit"},"field":{"valign":"inherit","align":"inherit"}},"annotations":{},"field":{"input":{"hideTime":false,"dateFormat":"","hideDate":false}}}}]},{"name":"Målested","localizedName":"Målested","localizedNames":{"en":"*Målested (nb)","nb":"Målested"},"localizedDescriptions":{"nb":"Det anatomiske målestedet for måling av temperatur.","en":"*Det anatomiske målestedet for måling av temperatur. (nb)"},"rmType":"DV_CODED_TEXT","nodeId":"at0021","min":0,"max":1,"aqlPath":"/content[openEHR-EHR-OBSERVATION.body_temperature.v1]/protocol[at0020]/items[at0021]/value","inputs":[{"suffix":"code","type":"CODED_TEXT","list":[{"value":"at0025","label":"Endetarm","ordinal":0,"localizedLabels":{"nb":"Endetarm","en":"*Endetarm (nb)"},"localizedDescriptions":{"nb":"Temperatur målt i endetarm (rektum).","en":"*Temperatur målt i endetarm (rektum). (nb)"}},{"value":"at0024","label":"Armhule","ordinal":0,"localizedLabels":{"nb":"Armhule","en":"*Armhule (nb)"},"localizedDescriptions":{"nb":"Temperatur er målt i armhulen med armen posisjonert ned langs siden.","en":"*Temperatur er målt i armhulen med armen posisjonert ned langs siden. (nb)"}},{"value":"at0023","label":"Øre","ordinal":0,"localizedLabels":{"nb":"Øre","en":"*Øre (nb)"},"localizedDescriptions":{"nb":"Temperatur målt ved infrarød stråling fra trommehinnen i ytre ørekanal.","en":"*Temperatur målt ved infrarød stråling fra trommehinnen i ytre ørekanal. (nb)"}},{"value":"at0061","label":"Panne","ordinal":0,"localizedLabels":{"nb":"Panne","en":"*Panne (nb)"},"localizedDescriptions":{"nb":"Temperatur målt på pannen.","en":"*Temperatur målt på pannen. (nb)"}},{"value":"at0022","label":"Munn","ordinal":0,"localizedLabels":{"nb":"Munn","en":"*Munn (nb)"},"localizedDescriptions":{"nb":"Temperatur målt i munnhulen (under tungen).","en":"*Temperatur målt i munnhulen (under tungen). (nb)"}},{"value":"at0026","label":"Nesesvelg","ordinal":0,"localizedLabels":{"nb":"Nesesvelg","en":"*Nesesvelg (nb)"},"localizedDescriptions":{"nb":"Temperatur målt i nesesvelget (nasofarynks).","en":"*Temperatur målt i nesesvelget (nasofarynks). (nb)"}},{"value":"at0027","label":"Urinblære","ordinal":0,"localizedLabels":{"nb":"Urinblære","en":"*Urinblære (nb)"},"localizedDescriptions":{"nb":"Temperatur målt i urinblære.","en":"*Temperatur målt i urinblære. (nb)"}},{"value":"at0028","label":"Intravaskulært","ordinal":0,"localizedLabels":{"nb":"Intravaskulært","en":"*Intravaskulært (nb)"},"localizedDescriptions":{"nb":"Temperatur målt intravaskulært.","en":"*Temperatur målt intravaskulært. (nb)"}},{"value":"at0043","label":"Hud","ordinal":0,"localizedLabels":{"nb":"Hud","en":"*Hud (nb)"},"localizedDescriptions":{"nb":"Temperaturen målt på eksponert hud.","en":"*Temperaturen målt på eksponert hud. (nb)"}},{"value":"at0051","label":"Skjede","ordinal":0,"localizedLabels":{"nb":"Skjede","en":"*Skjede (nb)"},"localizedDescriptions":{"nb":"Temperatur målt i skjeden (vagina).","en":"*Temperatur målt i skjeden (vagina). (nb)"}},{"value":"at0054","label":"Spiserør","ordinal":0,"localizedLabels":{"nb":"Spiserør","en":"*Spiserør (nb)"},"localizedDescriptions":{"nb":"Temperatur målt i spiserøret (øsofagus).","en":"*Temperatur målt i spiserøret (øsofagus). (nb)"}},{"value":"at0055","label":"Lyske","ordinal":0,"localizedLabels":{"nb":"Lyske","en":"*Lyske (nb)"},"localizedDescriptions":{"nb":"Temperatur målt i lysken.","en":"*Temperatur målt i lysken. (nb)"}},{"value":"at0060","label":"Tinning","ordinal":0,"localizedLabels":{"nb":"Tinning","en":"*Tinning (nb)"},"localizedDescriptions":{"nb":"Temperatur målt i tinningen over arteria temporalis.","en":"*Temperatur målt i tinningen over arteria temporalis. (nb)"}}],"listOpen":false}],"formId":"klinisk_kontakt/kroppstemperatur/målested","viewConfig":{"multiplicity":{"min":0,"max":1},"advanced":{"hidden":false,"readonly":false,"hideFrame":false,"render":false},"label":{"custom":false,"useLocalizations":false},"size":{"field":"inherit","label":"inherit"},"layout":{"label":{"valign":"inherit","align":"inherit"},"field":{"valign":"inherit","align":"inherit"}},"annotations":{},"field":{"code":{"presentation":"combobox","columns":"13"}}}}]},{"name":"Vitalia sammendrag","localizedName":"Vitalia sammendrag","localizedNames":{"en":"*Vitalia sammendrag (nb)","nb":"Vitalia sammendrag"},"localizedDescriptions":{"nb":"*","en":"** (nb)"},"rmType":"DV_TEXT","nodeId":"at0005","min":0,"max":1,"aqlPath":"/content[openEHR-EHR-OBSERVATION.vitalia_sammendrag_dips.v0]/data[at0001]/events[at0002]/data[at0003]/items[at0004]/items[at0005]/value","inputs":[{"type":"TEXT","list":[],"listOpen":false}],"formId":"klinisk_kontakt/vitalia_sammendrag_dips/any_event/vitalia_sammendrag/vitalia_sammendrag","viewConfig":{"multiplicity":{"min":0,"max":1},"advanced":{"hidden":false,"readonly":false,"hideFrame":false,"render":false},"label":{"custom":false,"useLocalizations":false},"size":{"field":"inherit","label":"inherit"},"layout":{"label":{"valign":"inherit","align":"inherit"},"field":{"valign":"inherit","align":"inherit"}},"datasource":{"loadRemote":false,"parameters":{}},"annotations":{},"field":{"lines":null,"input":{},"formatting":null}}}],"inContext":false}