[{"col":1,"row":1,"width":12,"height":103,"children":[{"id":"klinisk_kontakt","rows":[{"cols":[{"width":"100%","children":[{"id":"klinisk_kontakt/start_time","rows":[]},{"id":"klinisk_kontakt/end_time","rows":[]},{"id":"klinisk_kontakt/blodtrykk","rows":[{"cols":[{"width":"100%","children":[{"id":"klinisk_kontakt/blodtrykk/historikk/origin","rows":[]},{"id":"klinisk_kontakt/blodtrykk/uspesifisert_hendelse","rows":[{"cols":[{"width":"100%","children":[{"id":"klinisk_kontakt/blodtrykk/uspesifisert_hendelse/systolisk","rows":[]},{"id":"klinisk_kontakt/blodtrykk/uspesifisert_hendelse/diastolisk","rows":[]},{"id":"klinisk_kontakt/blodtrykk/uspesifisert_hendelse/middelarterietrykk","rows":[]},{"id":"klinisk_kontakt/blodtrykk/uspesifisert_hendelse/pulstrykk","rows":[]},{"id":"klinisk_kontakt/blodtrykk/uspesifisert_hendelse/kommentar","rows":[]},{"id":"klinisk_kontakt/blodtrykk/uspesifisert_hendelse/stilling","rows":[]},{"id":"klinisk_kontakt/blodtrykk/uspesifisert_hendelse/tilt","rows":[]},{"id":"klinisk_kontakt/blodtrykk/uspesifisert_hendelse/konfunderende_faktorer","rows":[]},{"id":"klinisk_kontakt/blodtrykk/uspesifisert_hendelse/søvnstatus","rows":[]},{"id":"klinisk_kontakt/blodtrykk/uspesifisert_hendelse/time","rows":[]}]}]}]},{"id":"klinisk_kontakt/blodtrykk/24-timers_gjennomsnitt","rows":[{"cols":[{"width":"100%","children":[{"id":"klinisk_kontakt/blodtrykk/24-timers_gjennomsnitt/systolisk","rows":[]},{"id":"klinisk_kontakt/blodtrykk/24-timers_gjennomsnitt/diastolisk","rows":[]},{"id":"klinisk_kontakt/blodtrykk/24-timers_gjennomsnitt/middelarterietrykk","rows":[]},{"id":"klinisk_kontakt/blodtrykk/24-timers_gjennomsnitt/pulstrykk","rows":[]},{"id":"klinisk_kontakt/blodtrykk/24-timers_gjennomsnitt/kommentar","rows":[]},{"id":"klinisk_kontakt/blodtrykk/24-timers_gjennomsnitt/stilling","rows":[]},{"id":"klinisk_kontakt/blodtrykk/24-timers_gjennomsnitt/tilt","rows":[]},{"id":"klinisk_kontakt/blodtrykk/24-timers_gjennomsnitt/konfunderende_faktorer","rows":[]},{"id":"klinisk_kontakt/blodtrykk/24-timers_gjennomsnitt/søvnstatus","rows":[]},{"id":"klinisk_kontakt/blodtrykk/24-timers_gjennomsnitt/math_function","rows":[]},{"id":"klinisk_kontakt/blodtrykk/24-timers_gjennomsnitt/width","rows":[]},{"id":"klinisk_kontakt/blodtrykk/24-timers_gjennomsnitt/time","rows":[]}]}]}]},{"id":"klinisk_kontakt/blodtrykk/mansjettstørrelse","rows":[]},{"id":"klinisk_kontakt/blodtrykk/målested","rows":[{"cols":[{"width":"100%","children":[{"id":"klinisk_kontakt/blodtrykk/målested/value","rows":[]},{"id":"klinisk_kontakt/blodtrykk/målested/value2","rows":[]}]}]}]},{"id":"klinisk_kontakt/blodtrykk/målemetode","rows":[]},{"id":"klinisk_kontakt/blodtrykk/formel_for_beregning_av_map","rows":[]},{"id":"klinisk_kontakt/blodtrykk/formel_for_beregning_av_systolisk_trykk","rows":[]},{"id":"klinisk_kontakt/blodtrykk/formel_for_beregning_av_diastolisk_trykk","rows":[]},{"id":"klinisk_kontakt/blodtrykk/diastolisk_endepunkt","rows":[]},{"id":"klinisk_kontakt/blodtrykk/other_participations","rows":[{"cols":[{"width":"100%","children":[{"id":"klinisk_kontakt/blodtrykk/other_participations/function","rows":[]},{"id":"klinisk_kontakt/blodtrykk/other_participations/performer","rows":[]},{"id":"klinisk_kontakt/blodtrykk/other_participations/mode","rows":[]},{"id":"klinisk_kontakt/blodtrykk/other_participations/time","rows":[{"cols":[{"width":"100%","children":[{"id":"klinisk_kontakt/blodtrykk/other_participations/time/upper"},{"id":"klinisk_kontakt/blodtrykk/other_participations/time/lower"}]}]}]}]}]}]},{"id":"klinisk_kontakt/blodtrykk/other_participations/provider","rows":[]}]}]}]}]}]}]}]}]