{"name":"Form root","localizedNames":{},"localizedDescriptions":{},"rmType":"FORM_DEFINITION","min":0,"max":0,"formId":"form_root","viewConfig":{"label":{"custom":false,"useLocalizations":false},"size":{"field":"inherit","label":"inherit"},"layout":{"label":{"valign":"inherit","align":"inherit"},"field":{"valign":"inherit","align":"inherit"}},"annotations":{"#MainQuery":"select o\r\nfrom composition c\r\ncontains OBSERVATION o[openEHR-EHR-OBSERVATION.blood_pressure.v1]\r\norder by c/context/start_time/value desc\r\nlimit 10\r\n\r\n"}},"children":[{"name":"Klinisk kontakt","localizedName":"Klinisk kontakt","localizedNames":{"en":"*Klinisk kontakt (nb)","nb":"Klinisk kontakt"},"localizedDescriptions":{"nb":"Interaksjon, kontakt eller omsorgshendelse mellom et individ og helsepersonell.","en":"*Interaksjon, kontakt eller omsorgshendelse mellom et individ og helsepersonell. (nb)"},"rmType":"COMPOSITION","nodeId":"openEHR-EHR-COMPOSITION.encounter.v1","min":1,"max":1,"aqlPath":"/","inputs":[],"formId":"klinisk_kontakt","viewConfig":{"multiplicity":{"min":1,"max":1},"advanced":{"hidden":false,"readonly":false,"hideFrame":false,"render":false},"label":{"custom":false,"useLocalizations":false},"size":{"field":"inherit","label":"inherit"},"layout":{"label":{"valign":"inherit","align":"inherit"},"field":{"valign":"inherit","align":"inherit"}},"annotations":{},"field":{}},"children":[{"name":"Start time","localizedName":"Start time","localizedNames":{"en":"*Start time (en)","nb":"Start time"},"localizedDescriptions":{},"rmType":"DV_DATE_TIME","min":0,"max":1,"aqlPath":"/context/start_time","inputs":[{"type":"DATETIME","listOpen":false}],"formId":"klinisk_kontakt/start_time","viewConfig":{"multiplicity":{"min":0,"max":1},"advanced":{"hidden":false,"readonly":false,"hideFrame":false,"render":false},"label":{"custom":false,"useLocalizations":false},"size":{"field":"inherit","label":"inherit"},"layout":{"label":{"valign":"inherit","align":"inherit"},"field":{"valign":"inherit","align":"inherit"}},"annotations":{},"field":{"input":{"hideTime":false,"dateFormat":"","hideDate":false}}}},{"name":"End time","localizedName":"End time","localizedNames":{"en":"*End time (en)","nb":"End time"},"localizedDescriptions":{},"rmType":"DV_DATE_TIME","min":0,"max":1,"aqlPath":"/context/end_time","inputs":[{"type":"DATETIME","listOpen":false}],"formId":"klinisk_kontakt/end_time","viewConfig":{"multiplicity":{"min":0,"max":1},"advanced":{"hidden":false,"readonly":false,"hideFrame":false,"render":false},"label":{"custom":false,"useLocalizations":false},"size":{"field":"inherit","label":"inherit"},"layout":{"label":{"valign":"inherit","align":"inherit"},"field":{"valign":"inherit","align":"inherit"}},"annotations":{},"field":{"input":{"hideTime":false,"dateFormat":"","hideDate":false}}}},{"name":"Blodtrykk","localizedName":"Blodtrykk","localizedNames":{"en":"*Blodtrykk (nb)","nb":"Blodtrykk"},"localizedDescriptions":{"nb":"Måling av blodtrykket som uttrykk for det arterielle blodtrykk i det systemiske kretsløp.","en":"*Måling av blodtrykket som uttrykk for det arterielle blodtrykk i det systemiske kretsløp. (nb)"},"rmType":"OBSERVATION","nodeId":"openEHR-EHR-OBSERVATION.blood_pressure.v1","min":0,"max":-1,"aqlPath":"/content[openEHR-EHR-OBSERVATION.blood_pressure.v1]","inputs":[],"formId":"klinisk_kontakt/blodtrykk","viewConfig":{"multiplicity":{"min":0,"max":-1},"advanced":{"hidden":false,"readonly":false,"hideFrame":false,"render":false},"label":{"custom":false,"useLocalizations":false},"size":{"field":"inherit","label":"inherit"},"layout":{"label":{"valign":"inherit","align":"inherit"},"field":{"valign":"inherit","align":"inherit"}},"annotations":{},"field":{}},"children":[{"name":"Origin","localizedName":"Origin","localizedNames":{"en":"*Origin (en)","nb":"Origin"},"localizedDescriptions":{},"rmType":"DV_DATE_TIME","min":0,"max":1,"aqlPath":"/content[openEHR-EHR-OBSERVATION.blood_pressure.v1]/data[at0001]/origin","inputs":[{"type":"DATETIME","listOpen":false}],"formId":"klinisk_kontakt/blodtrykk/historikk/origin","viewConfig":{"multiplicity":{"min":0,"max":1},"advanced":{"hidden":false,"readonly":false,"hideFrame":false,"render":false},"label":{"custom":false,"useLocalizations":false},"size":{"field":"inherit","label":"inherit"},"layout":{"label":{"valign":"inherit","align":"inherit"},"field":{"valign":"inherit","align":"inherit"}},"annotations":{},"field":{"input":{"hideTime":false,"dateFormat":"","hideDate":false}}}},{"name":"Uspesifisert hendelse","localizedName":"Uspesifisert hendelse","localizedNames":{"en":"*Uspesifisert hendelse (nb)","nb":"Uspesifisert hendelse"},"localizedDescriptions":{"nb":"Standard, uspesifisert tidspunkt eller tidsintervall som kan defineres mer eksplisitt i en template eller i en applikasjon.","en":"*Standard, uspesifisert tidspunkt eller tidsintervall som kan defineres mer eksplisitt i en template eller i en applikasjon. (nb)"},"rmType":"EVENT","nodeId":"at0006","min":0,"max":-1,"aqlPath":"/content[openEHR-EHR-OBSERVATION.blood_pressure.v1]/data[at0001]/events[at0006]","inputs":[],"formId":"klinisk_kontakt/blodtrykk/uspesifisert_hendelse","viewConfig":{"multiplicity":{"min":0,"max":-1},"advanced":{"hidden":false,"readonly":false,"hideFrame":false,"render":false},"label":{"custom":false,"useLocalizations":false},"size":{"field":"inherit","label":"inherit"},"layout":{"label":{"valign":"inherit","align":"inherit"},"field":{"valign":"inherit","align":"inherit"}},"annotations":{}},"children":[{"name":"Systolisk","localizedName":"Systolisk","localizedNames":{"en":"*Systolisk (nb)","nb":"Systolisk"},"localizedDescriptions":{"nb":"Maksimalt systemisk arterielt blodtrykk - målt i systolen, det vil si i hjertets kontraksjonsfase.","en":"*Maksimalt systemisk arterielt blodtrykk - målt i systolen, det vil si i hjertets kontraksjonsfase. (nb)"},"rmType":"DV_QUANTITY","nodeId":"at0004","min":0,"max":1,"aqlPath":"/content[openEHR-EHR-OBSERVATION.blood_pressure.v1]/data[at0001]/events[at0006]/data[at0003]/items[at0004]/value","inputs":[{"suffix":"magnitude","type":"DECIMAL","defaultValue":"","listOpen":false},{"suffix":"unit","type":"CODED_TEXT","list":[{"value":"mm[Hg]","label":"mm[Hg]","validation":{"range":{"minOp":">=","min":0.0,"maxOp":"<","max":1000.0},"precision":{"minOp":">=","min":0.0,"maxOp":"<=","max":0.0}},"ordinal":0,"localizedLabels":{},"localizedDescriptions":{}}],"listOpen":false}],"formId":"klinisk_kontakt/blodtrykk/uspesifisert_hendelse/systolisk","viewConfig":{"multiplicity":{"min":0,"max":1},"advanced":{"hidden":false,"readonly":false,"hideFrame":false,"render":false},"label":{"custom":false,"useLocalizations":false},"size":{"field":"inherit","label":"inherit"},"layout":{"label":{"valign":"inherit","align":"inherit"},"field":{"valign":"inherit","align":"inherit"}},"annotations":{},"field":{}}},{"name":"Diastolisk","localizedName":"Diastolisk","localizedNames":{"en":"*Diastolisk (nb)","nb":"Diastolisk"},"localizedDescriptions":{"nb":"Laveste systemiske arterielle blodtrykk - målt i diastolen, det vil si under hjertets relaksasjonsfase.","en":"*Laveste systemiske arterielle blodtrykk - målt i diastolen, det vil si under hjertets relaksasjonsfase. (nb)"},"rmType":"DV_QUANTITY","nodeId":"at0005","min":0,"max":1,"aqlPath":"/content[openEHR-EHR-OBSERVATION.blood_pressure.v1]/data[at0001]/events[at0006]/data[at0003]/items[at0005]/value","inputs":[{"suffix":"magnitude","type":"DECIMAL","defaultValue":"","listOpen":false},{"suffix":"unit","type":"CODED_TEXT","list":[{"value":"mm[Hg]","label":"mm[Hg]","validation":{"range":{"minOp":">=","min":0.0,"maxOp":"<","max":1000.0},"precision":{"minOp":">=","min":0.0,"maxOp":"<=","max":0.0}},"ordinal":0,"localizedLabels":{},"localizedDescriptions":{}}],"listOpen":false}],"formId":"klinisk_kontakt/blodtrykk/uspesifisert_hendelse/diastolisk","viewConfig":{"multiplicity":{"min":0,"max":1},"advanced":{"hidden":false,"readonly":false,"hideFrame":false,"render":false},"label":{"custom":false,"useLocalizations":false},"size":{"field":"inherit","label":"inherit"},"layout":{"label":{"valign":"inherit","align":"inherit"},"field":{"valign":"inherit","align":"inherit"}},"annotations":{},"field":{}}},{"name":"Middelarterietrykk","localizedName":"Middelarterietrykk","localizedNames":{"en":"*Middelarterietrykk (nb)","nb":"Middelarterietrykk"},"localizedDescriptions":{"nb":"Det gjennomsnittlige trykket mot arterieveggen gjennom en enkelt hjertesyklus. Middeltrykk/MAP måles direkte eller beregnes ut fra systolisk og diastolisk trykk ved hjelp av en matematisk formel.","en":"*Det gjennomsnittlige trykket mot arterieveggen gjennom en enkelt hjertesyklus. Middeltrykk/MAP måles direkte eller beregnes ut fra systolisk og diastolisk trykk ved hjelp av en matematisk formel. (nb)"},"rmType":"DV_QUANTITY","nodeId":"at1006","min":0,"max":1,"aqlPath":"/content[openEHR-EHR-OBSERVATION.blood_pressure.v1]/data[at0001]/events[at0006]/data[at0003]/items[at1006]/value","inputs":[{"suffix":"magnitude","type":"DECIMAL","defaultValue":"","listOpen":false},{"suffix":"unit","type":"CODED_TEXT","list":[{"value":"mm[Hg]","label":"mm[Hg]","validation":{"range":{"minOp":">=","min":0.0,"maxOp":"<","max":1000.0},"precision":{"minOp":">=","min":0.0,"maxOp":"<=","max":0.0}},"ordinal":0,"localizedLabels":{},"localizedDescriptions":{}}],"listOpen":false}],"formId":"klinisk_kontakt/blodtrykk/uspesifisert_hendelse/middelarterietrykk","viewConfig":{"multiplicity":{"min":0,"max":1},"advanced":{"hidden":false,"readonly":false,"hideFrame":false,"render":false},"label":{"custom":false,"useLocalizations":false},"size":{"field":"inherit","label":"inherit"},"layout":{"label":{"valign":"inherit","align":"inherit"},"field":{"valign":"inherit","align":"inherit"}},"annotations":{},"field":{}}},{"name":"Pulstrykk","localizedName":"Pulstrykk","localizedNames":{"en":"*Pulstrykk (nb)","nb":"Pulstrykk"},"localizedDescriptions":{"nb":"Differansen mellom det systoliske og diastoliske arterielle blodtrykket.","en":"*Differansen mellom det systoliske og diastoliske arterielle blodtrykket. (nb)"},"rmType":"DV_QUANTITY","nodeId":"at1007","min":0,"max":1,"aqlPath":"/content[openEHR-EHR-OBSERVATION.blood_pressure.v1]/data[at0001]/events[at0006]/data[at0003]/items[at1007]/value","inputs":[{"suffix":"magnitude","type":"DECIMAL","defaultValue":"","listOpen":false},{"suffix":"unit","type":"CODED_TEXT","list":[{"value":"mm[Hg]","label":"mm[Hg]","validation":{"range":{"minOp":">=","min":0.0,"maxOp":"<","max":1000.0},"precision":{"minOp":">=","min":0.0,"maxOp":"<=","max":0.0}},"ordinal":0,"localizedLabels":{},"localizedDescriptions":{}}],"listOpen":false}],"formId":"klinisk_kontakt/blodtrykk/uspesifisert_hendelse/pulstrykk","viewConfig":{"multiplicity":{"min":0,"max":1},"advanced":{"hidden":false,"readonly":false,"hideFrame":false,"render":false},"label":{"custom":false,"useLocalizations":false},"size":{"field":"inherit","label":"inherit"},"layout":{"label":{"valign":"inherit","align":"inherit"},"field":{"valign":"inherit","align":"inherit"}},"annotations":{},"field":{}}},{"name":"Kommentar","localizedName":"Kommentar","localizedNames":{"en":"*Kommentar (nb)","nb":"Kommentar"},"localizedDescriptions":{"nb":"Kommentar til blodtrykksmålingen.","en":"*Kommentar til blodtrykksmålingen. (nb)"},"rmType":"DV_TEXT","nodeId":"at0033","min":0,"max":-1,"aqlPath":"/content[openEHR-EHR-OBSERVATION.blood_pressure.v1]/data[at0001]/events[at0006]/data[at0003]/items[at0033]/value","inputs":[{"type":"TEXT","list":[],"listOpen":false}],"formId":"klinisk_kontakt/blodtrykk/uspesifisert_hendelse/kommentar","viewConfig":{"multiplicity":{"min":0,"max":-1},"advanced":{"hidden":false,"readonly":false,"hideFrame":false,"render":false},"label":{"custom":false,"useLocalizations":false},"size":{"field":"inherit","label":"inherit"},"layout":{"label":{"valign":"inherit","align":"inherit"},"field":{"valign":"inherit","align":"inherit"}},"datasource":{"loadRemote":false,"parameters":{}},"annotations":{},"field":{"lines":null,"input":{},"formatting":null}}},{"name":"Stilling","localizedName":"Stilling","localizedNames":{"en":"*Stilling (nb)","nb":"Stilling"},"localizedDescriptions":{"nb":"Individets posisjon ved tidspunktet for målingen.","en":"*Individets posisjon ved tidspunktet for målingen. (nb)"},"rmType":"DV_CODED_TEXT","nodeId":"at0008","min":0,"max":1,"aqlPath":"/content[openEHR-EHR-OBSERVATION.blood_pressure.v1]/data[at0001]/events[at0006]/state[at0007]/items[at0008]/value","inputs":[{"suffix":"code","type":"CODED_TEXT","list":[{"value":"at1000","label":"Stående","ordinal":0,"localizedLabels":{"nb":"Stående","en":"*Stående (nb)"},"localizedDescriptions":{"nb":"Stående ved tidspunktet for målingen.","en":"*Stående ved tidspunktet for målingen. (nb)"}},{"value":"at1001","label":"Sittende","ordinal":0,"localizedLabels":{"nb":"Sittende","en":"*Sittende (nb)"},"localizedDescriptions":{"nb":"Sittende (for eksempel på en stol eller på en seng med føttene på gulvet) på tidspunkt for blodtrykksmålingen.","en":"*Sittende (for eksempel på en stol eller på en seng med føttene på gulvet) på tidspunkt for blodtrykksmålingen. (nb)"}},{"value":"at1002","label":"Tilbakelent","ordinal":0,"localizedLabels":{"nb":"Tilbakelent","en":"*Tilbakelent (nb)"},"localizedDescriptions":{"nb":"Sittende tilbakelent ca 45º og med beina hevet til samme høyde som hoften på tidspunkt for blodtrykksmålingen.","en":"*Sittende tilbakelent ca 45º og med beina hevet til samme høyde som hoften på tidspunkt for blodtrykksmålingen. (nb)"}},{"value":"at1003","label":"Liggende","ordinal":0,"localizedLabels":{"nb":"Liggende","en":"*Liggende (nb)"},"localizedDescriptions":{"nb":"Liggende flatt på tidspunkt for blodtrykksmålingen.","en":"*Liggende flatt på tidspunkt for blodtrykksmålingen. (nb)"}},{"value":"at1014","label":"Liggende lent mot venstre","ordinal":0,"localizedLabels":{"nb":"Liggende lent mot venstre","en":"*Liggende lent mot venstre (nb)"},"localizedDescriptions":{"nb":"Liggende flatt med noe lateral tilt, vanligvis vinklet mot venstre side. Vanligvis nødvendig i siste trimester av svangerskapet for å avlaste aortocaval komprimering.","en":"*Liggende flatt med noe lateral tilt, vanligvis vinklet mot venstre side. Vanligvis nødvendig i siste trimester av svangerskapet for å avlaste aortocaval komprimering. (nb)"}}],"listOpen":false}],"formId":"klinisk_kontakt/blodtrykk/uspesifisert_hendelse/stilling","viewConfig":{"multiplicity":{"min":0,"max":1},"advanced":{"hidden":false,"readonly":false,"hideFrame":false,"render":false},"label":{"custom":false,"useLocalizations":false},"size":{"field":"inherit","label":"inherit"},"layout":{"label":{"valign":"inherit","align":"inherit"},"field":{"valign":"inherit","align":"inherit"}},"annotations":{},"field":{"code":{"presentation":"combobox","columns":"5"}}}},{"name":"Tilt","localizedName":"Tilt","localizedNames":{"en":"*Tilt (nb)","nb":"Tilt"},"localizedDescriptions":{"nb":"Kranio-caudal tilt på tidspunkt for blodtrykksmåling.","en":"*Kranio-caudal tilt på tidspunkt for blodtrykksmåling. (nb)"},"rmType":"DV_QUANTITY","nodeId":"at1005","min":0,"max":1,"aqlPath":"/content[openEHR-EHR-OBSERVATION.blood_pressure.v1]/data[at0001]/events[at0006]/state[at0007]/items[at1005]/value","inputs":[{"suffix":"magnitude","type":"DECIMAL","defaultValue":"","listOpen":false},{"suffix":"unit","type":"CODED_TEXT","list":[{"value":"deg","label":"deg","validation":{"range":{"minOp":">=","min":-90.0,"maxOp":"<=","max":90.0},"precision":{"minOp":">=","min":0.0,"maxOp":"<=","max":0.0}},"ordinal":0,"localizedLabels":{},"localizedDescriptions":{}}],"listOpen":false}],"formId":"klinisk_kontakt/blodtrykk/uspesifisert_hendelse/tilt","viewConfig":{"multiplicity":{"min":0,"max":1},"advanced":{"hidden":false,"readonly":false,"hideFrame":false,"render":false},"label":{"custom":false,"useLocalizations":false},"size":{"field":"inherit","label":"inherit"},"layout":{"label":{"valign":"inherit","align":"inherit"},"field":{"valign":"inherit","align":"inherit"}},"annotations":{},"field":{}}},{"name":"Konfunderende faktorer","localizedName":"Konfunderende faktorer","localizedNames":{"en":"*Konfunderende faktorer (nb)","nb":"Konfunderende faktorer"},"localizedDescriptions":{"nb":"Kommentar til og registrering av andre faktorer som kan påvirke blodtrykksmålingen. For eksempel angst eller \"hvit frakk syndrom\", smerter eller feber, endringer i atmosfærisk trykk osv.","en":"*Kommentar til og registrering av andre faktorer som kan påvirke blodtrykksmålingen. For eksempel angst eller \"hvit frakk syndrom\", smerter eller feber, endringer i atmosfærisk trykk osv. (nb)"},"rmType":"DV_TEXT","nodeId":"at1052","min":0,"max":1,"aqlPath":"/content[openEHR-EHR-OBSERVATION.blood_pressure.v1]/data[at0001]/events[at0006]/state[at0007]/items[at1052]/value","inputs":[{"type":"TEXT","list":[],"listOpen":false}],"formId":"klinisk_kontakt/blodtrykk/uspesifisert_hendelse/konfunderende_faktorer","viewConfig":{"multiplicity":{"min":0,"max":1},"advanced":{"hidden":false,"readonly":false,"hideFrame":false,"render":false},"label":{"custom":false,"useLocalizations":false},"size":{"field":"inherit","label":"inherit"},"layout":{"label":{"valign":"inherit","align":"inherit"},"field":{"valign":"inherit","align":"inherit"}},"datasource":{"loadRemote":false,"parameters":{}},"annotations":{},"field":{"lines":null,"input":{},"formatting":null}}},{"name":"Søvnstatus","localizedName":"Søvnstatus","localizedNames":{"en":"*Søvnstatus (nb)","nb":"Søvnstatus"},"localizedDescriptions":{"nb":"Søvnstatus - understøtter tolkning av 24 timers ambulant blodtrykksmåling.","en":"*Søvnstatus - understøtter tolkning av 24 timers ambulant blodtrykksmåling. (nb)"},"rmType":"DV_CODED_TEXT","nodeId":"at1043","min":0,"max":1,"aqlPath":"/content[openEHR-EHR-OBSERVATION.blood_pressure.v1]/data[at0001]/events[at0006]/state[at0007]/items[at1043]/value","inputs":[{"suffix":"code","type":"CODED_TEXT","list":[{"value":"at1044","label":"Våken","ordinal":0,"localizedLabels":{"nb":"Våken","en":"*Våken (nb)"},"localizedDescriptions":{"nb":"Individet er ved full bevissthet.","en":"*Individet er ved full bevissthet. (nb)"}},{"value":"at1045","label":"Sovende","ordinal":0,"localizedLabels":{"nb":"Sovende","en":"*Sovende (nb)"},"localizedDescriptions":{"nb":"Individet er i den naturlige tilstand av kroppslig hvile.","en":"*Individet er i den naturlige tilstand av kroppslig hvile. (nb)"}}],"listOpen":false}],"formId":"klinisk_kontakt/blodtrykk/uspesifisert_hendelse/søvnstatus","viewConfig":{"multiplicity":{"min":0,"max":1},"advanced":{"hidden":false,"readonly":false,"hideFrame":false,"render":false},"label":{"custom":false,"useLocalizations":false},"size":{"field":"inherit","label":"inherit"},"layout":{"label":{"valign":"inherit","align":"inherit"},"field":{"valign":"inherit","align":"inherit"}},"annotations":{},"field":{"code":{"presentation":"combobox","columns":"2"}}}},{"name":"Time","localizedName":"Time","localizedNames":{"en":"*Time (en)","nb":"Time"},"localizedDescriptions":{},"rmType":"DV_DATE_TIME","min":0,"max":1,"aqlPath":"/content[openEHR-EHR-OBSERVATION.blood_pressure.v1]/data[at0001]/events[at0006]/time","inputs":[{"type":"DATETIME","listOpen":false}],"formId":"klinisk_kontakt/blodtrykk/uspesifisert_hendelse/time","viewConfig":{"multiplicity":{"min":0,"max":1},"advanced":{"hidden":false,"readonly":false,"hideFrame":false,"render":false},"label":{"custom":false,"useLocalizations":false},"size":{"field":"inherit","label":"inherit"},"layout":{"label":{"valign":"inherit","align":"inherit"},"field":{"valign":"inherit","align":"inherit"}},"annotations":{},"field":{"input":{"hideTime":false,"dateFormat":"","hideDate":false}}}}]},{"name":"24-timers gjennomsnitt","localizedName":"24-timers gjennomsnitt","localizedNames":{"en":"*24-timers gjennomsnitt (nb)","nb":"24-timers gjennomsnitt"},"localizedDescriptions":{"nb":"Estimert gjennomsnittsblodtrykk over en 24-timers periode.","en":"*Estimert gjennomsnittsblodtrykk over en 24-timers periode. (nb)"},"rmType":"INTERVAL_EVENT","nodeId":"at1042","min":0,"max":1,"aqlPath":"/content[openEHR-EHR-OBSERVATION.blood_pressure.v1]/data[at0001]/events[at1042]","inputs":[],"formId":"klinisk_kontakt/blodtrykk/24-timers_gjennomsnitt","viewConfig":{"multiplicity":{"min":0,"max":1},"advanced":{"hidden":false,"readonly":false,"hideFrame":false,"render":false},"label":{"custom":false,"useLocalizations":false},"size":{"field":"inherit","label":"inherit"},"layout":{"label":{"valign":"inherit","align":"inherit"},"field":{"valign":"inherit","align":"inherit"}},"annotations":{}},"children":[{"name":"Systolisk","localizedName":"Systolisk","localizedNames":{"en":"*Systolisk (nb)","nb":"Systolisk"},"localizedDescriptions":{"nb":"Maksimalt systemisk arterielt blodtrykk - målt i systolen, det vil si i hjertets kontraksjonsfase.","en":"*Maksimalt systemisk arterielt blodtrykk - målt i systolen, det vil si i hjertets kontraksjonsfase. (nb)"},"rmType":"DV_QUANTITY","nodeId":"at0004","min":0,"max":1,"aqlPath":"/content[openEHR-EHR-OBSERVATION.blood_pressure.v1]/data[at0001]/events[at1042]/data[at0003]/items[at0004]/value","inputs":[{"suffix":"magnitude","type":"DECIMAL","defaultValue":"","listOpen":false},{"suffix":"unit","type":"CODED_TEXT","list":[{"value":"mm[Hg]","label":"mm[Hg]","validation":{"range":{"minOp":">=","min":0.0,"maxOp":"<","max":1000.0},"precision":{"minOp":">=","min":0.0,"maxOp":"<=","max":0.0}},"ordinal":0,"localizedLabels":{},"localizedDescriptions":{}}],"listOpen":false}],"formId":"klinisk_kontakt/blodtrykk/24-timers_gjennomsnitt/systolisk","viewConfig":{"multiplicity":{"min":0,"max":1},"advanced":{"hidden":false,"readonly":false,"hideFrame":false,"render":false},"label":{"custom":false,"useLocalizations":false},"size":{"field":"inherit","label":"inherit"},"layout":{"label":{"valign":"inherit","align":"inherit"},"field":{"valign":"inherit","align":"inherit"}},"annotations":{},"field":{}}},{"name":"Diastolisk","localizedName":"Diastolisk","localizedNames":{"en":"*Diastolisk (nb)","nb":"Diastolisk"},"localizedDescriptions":{"nb":"Laveste systemiske arterielle blodtrykk - målt i diastolen, det vil si under hjertets relaksasjonsfase.","en":"*Laveste systemiske arterielle blodtrykk - målt i diastolen, det vil si under hjertets relaksasjonsfase. (nb)"},"rmType":"DV_QUANTITY","nodeId":"at0005","min":0,"max":1,"aqlPath":"/content[openEHR-EHR-OBSERVATION.blood_pressure.v1]/data[at0001]/events[at1042]/data[at0003]/items[at0005]/value","inputs":[{"suffix":"magnitude","type":"DECIMAL","defaultValue":"","listOpen":false},{"suffix":"unit","type":"CODED_TEXT","list":[{"value":"mm[Hg]","label":"mm[Hg]","validation":{"range":{"minOp":">=","min":0.0,"maxOp":"<","max":1000.0},"precision":{"minOp":">=","min":0.0,"maxOp":"<=","max":0.0}},"ordinal":0,"localizedLabels":{},"localizedDescriptions":{}}],"listOpen":false}],"formId":"klinisk_kontakt/blodtrykk/24-timers_gjennomsnitt/diastolisk","viewConfig":{"multiplicity":{"min":0,"max":1},"advanced":{"hidden":false,"readonly":false,"hideFrame":false,"render":false},"label":{"custom":false,"useLocalizations":false},"size":{"field":"inherit","label":"inherit"},"layout":{"label":{"valign":"inherit","align":"inherit"},"field":{"valign":"inherit","align":"inherit"}},"annotations":{},"field":{}}},{"name":"Middelarterietrykk","localizedName":"Middelarterietrykk","localizedNames":{"en":"*Middelarterietrykk (nb)","nb":"Middelarterietrykk"},"localizedDescriptions":{"nb":"Det gjennomsnittlige trykket mot arterieveggen gjennom en enkelt hjertesyklus. Middeltrykk/MAP måles direkte eller beregnes ut fra systolisk og diastolisk trykk ved hjelp av en matematisk formel.","en":"*Det gjennomsnittlige trykket mot arterieveggen gjennom en enkelt hjertesyklus. Middeltrykk/MAP måles direkte eller beregnes ut fra systolisk og diastolisk trykk ved hjelp av en matematisk formel. (nb)"},"rmType":"DV_QUANTITY","nodeId":"at1006","min":0,"max":1,"aqlPath":"/content[openEHR-EHR-OBSERVATION.blood_pressure.v1]/data[at0001]/events[at1042]/data[at0003]/items[at1006]/value","inputs":[{"suffix":"magnitude","type":"DECIMAL","defaultValue":"","listOpen":false},{"suffix":"unit","type":"CODED_TEXT","list":[{"value":"mm[Hg]","label":"mm[Hg]","validation":{"range":{"minOp":">=","min":0.0,"maxOp":"<","max":1000.0},"precision":{"minOp":">=","min":0.0,"maxOp":"<=","max":0.0}},"ordinal":0,"localizedLabels":{},"localizedDescriptions":{}}],"listOpen":false}],"formId":"klinisk_kontakt/blodtrykk/24-timers_gjennomsnitt/middelarterietrykk","viewConfig":{"multiplicity":{"min":0,"max":1},"advanced":{"hidden":false,"readonly":false,"hideFrame":false,"render":false},"label":{"custom":false,"useLocalizations":false},"size":{"field":"inherit","label":"inherit"},"layout":{"label":{"valign":"inherit","align":"inherit"},"field":{"valign":"inherit","align":"inherit"}},"annotations":{},"field":{}}},{"name":"Pulstrykk","localizedName":"Pulstrykk","localizedNames":{"en":"*Pulstrykk (nb)","nb":"Pulstrykk"},"localizedDescriptions":{"nb":"Differansen mellom det systoliske og diastoliske arterielle blodtrykket.","en":"*Differansen mellom det systoliske og diastoliske arterielle blodtrykket. (nb)"},"rmType":"DV_QUANTITY","nodeId":"at1007","min":0,"max":1,"aqlPath":"/content[openEHR-EHR-OBSERVATION.blood_pressure.v1]/data[at0001]/events[at1042]/data[at0003]/items[at1007]/value","inputs":[{"suffix":"magnitude","type":"DECIMAL","defaultValue":"","listOpen":false},{"suffix":"unit","type":"CODED_TEXT","list":[{"value":"mm[Hg]","label":"mm[Hg]","validation":{"range":{"minOp":">=","min":0.0,"maxOp":"<","max":1000.0},"precision":{"minOp":">=","min":0.0,"maxOp":"<=","max":0.0}},"ordinal":0,"localizedLabels":{},"localizedDescriptions":{}}],"listOpen":false}],"formId":"klinisk_kontakt/blodtrykk/24-timers_gjennomsnitt/pulstrykk","viewConfig":{"multiplicity":{"min":0,"max":1},"advanced":{"hidden":false,"readonly":false,"hideFrame":false,"render":false},"label":{"custom":false,"useLocalizations":false},"size":{"field":"inherit","label":"inherit"},"layout":{"label":{"valign":"inherit","align":"inherit"},"field":{"valign":"inherit","align":"inherit"}},"annotations":{},"field":{}}},{"name":"Kommentar","localizedName":"Kommentar","localizedNames":{"en":"*Kommentar (nb)","nb":"Kommentar"},"localizedDescriptions":{"nb":"Kommentar til blodtrykksmålingen.","en":"*Kommentar til blodtrykksmålingen. (nb)"},"rmType":"DV_TEXT","nodeId":"at0033","min":0,"max":-1,"aqlPath":"/content[openEHR-EHR-OBSERVATION.blood_pressure.v1]/data[at0001]/events[at1042]/data[at0003]/items[at0033]/value","inputs":[{"type":"TEXT","list":[],"listOpen":false}],"formId":"klinisk_kontakt/blodtrykk/24-timers_gjennomsnitt/kommentar","viewConfig":{"multiplicity":{"min":0,"max":-1},"advanced":{"hidden":false,"readonly":false,"hideFrame":false,"render":false},"label":{"custom":false,"useLocalizations":false},"size":{"field":"inherit","label":"inherit"},"layout":{"label":{"valign":"inherit","align":"inherit"},"field":{"valign":"inherit","align":"inherit"}},"datasource":{"loadRemote":false,"parameters":{}},"annotations":{},"field":{"lines":null,"input":{},"formatting":null}}},{"name":"Stilling","localizedName":"Stilling","localizedNames":{"en":"*Stilling (nb)","nb":"Stilling"},"localizedDescriptions":{"nb":"Individets posisjon ved tidspunktet for målingen.","en":"*Individets posisjon ved tidspunktet for målingen. (nb)"},"rmType":"DV_CODED_TEXT","nodeId":"at0008","min":0,"max":1,"aqlPath":"/content[openEHR-EHR-OBSERVATION.blood_pressure.v1]/data[at0001]/events[at1042]/state[at0007]/items[at0008]/value","inputs":[{"suffix":"code","type":"CODED_TEXT","list":[{"value":"at1000","label":"Stående","ordinal":0,"localizedLabels":{"nb":"Stående","en":"*Stående (nb)"},"localizedDescriptions":{"nb":"Stående ved tidspunktet for målingen.","en":"*Stående ved tidspunktet for målingen. (nb)"}},{"value":"at1001","label":"Sittende","ordinal":0,"localizedLabels":{"nb":"Sittende","en":"*Sittende (nb)"},"localizedDescriptions":{"nb":"Sittende (for eksempel på en stol eller på en seng med føttene på gulvet) på tidspunkt for blodtrykksmålingen.","en":"*Sittende (for eksempel på en stol eller på en seng med føttene på gulvet) på tidspunkt for blodtrykksmålingen. (nb)"}},{"value":"at1002","label":"Tilbakelent","ordinal":0,"localizedLabels":{"nb":"Tilbakelent","en":"*Tilbakelent (nb)"},"localizedDescriptions":{"nb":"Sittende tilbakelent ca 45º og med beina hevet til samme høyde som hoften på tidspunkt for blodtrykksmålingen.","en":"*Sittende tilbakelent ca 45º og med beina hevet til samme høyde som hoften på tidspunkt for blodtrykksmålingen. (nb)"}},{"value":"at1003","label":"Liggende","ordinal":0,"localizedLabels":{"nb":"Liggende","en":"*Liggende (nb)"},"localizedDescriptions":{"nb":"Liggende flatt på tidspunkt for blodtrykksmålingen.","en":"*Liggende flatt på tidspunkt for blodtrykksmålingen. (nb)"}},{"value":"at1014","label":"Liggende lent mot venstre","ordinal":0,"localizedLabels":{"nb":"Liggende lent mot venstre","en":"*Liggende lent mot venstre (nb)"},"localizedDescriptions":{"nb":"Liggende flatt med noe lateral tilt, vanligvis vinklet mot venstre side. Vanligvis nødvendig i siste trimester av svangerskapet for å avlaste aortocaval komprimering.","en":"*Liggende flatt med noe lateral tilt, vanligvis vinklet mot venstre side. Vanligvis nødvendig i siste trimester av svangerskapet for å avlaste aortocaval komprimering. (nb)"}}],"listOpen":false}],"formId":"klinisk_kontakt/blodtrykk/24-timers_gjennomsnitt/stilling","viewConfig":{"multiplicity":{"min":0,"max":1},"advanced":{"hidden":false,"readonly":false,"hideFrame":false,"render":false},"label":{"custom":false,"useLocalizations":false},"size":{"field":"inherit","label":"inherit"},"layout":{"label":{"valign":"inherit","align":"inherit"},"field":{"valign":"inherit","align":"inherit"}},"annotations":{},"field":{"code":{"presentation":"combobox","columns":"5"}}}},{"name":"Tilt","localizedName":"Tilt","localizedNames":{"en":"*Tilt (nb)","nb":"Tilt"},"localizedDescriptions":{"nb":"Kranio-caudal tilt på tidspunkt for blodtrykksmåling.","en":"*Kranio-caudal tilt på tidspunkt for blodtrykksmåling. (nb)"},"rmType":"DV_QUANTITY","nodeId":"at1005","min":0,"max":1,"aqlPath":"/content[openEHR-EHR-OBSERVATION.blood_pressure.v1]/data[at0001]/events[at1042]/state[at0007]/items[at1005]/value","inputs":[{"suffix":"magnitude","type":"DECIMAL","defaultValue":"","listOpen":false},{"suffix":"unit","type":"CODED_TEXT","list":[{"value":"deg","label":"deg","validation":{"range":{"minOp":">=","min":-90.0,"maxOp":"<=","max":90.0},"precision":{"minOp":">=","min":0.0,"maxOp":"<=","max":0.0}},"ordinal":0,"localizedLabels":{},"localizedDescriptions":{}}],"listOpen":false}],"formId":"klinisk_kontakt/blodtrykk/24-timers_gjennomsnitt/tilt","viewConfig":{"multiplicity":{"min":0,"max":1},"advanced":{"hidden":false,"readonly":false,"hideFrame":false,"render":false},"label":{"custom":false,"useLocalizations":false},"size":{"field":"inherit","label":"inherit"},"layout":{"label":{"valign":"inherit","align":"inherit"},"field":{"valign":"inherit","align":"inherit"}},"annotations":{},"field":{}}},{"name":"Konfunderende faktorer","localizedName":"Konfunderende faktorer","localizedNames":{"en":"*Konfunderende faktorer (nb)","nb":"Konfunderende faktorer"},"localizedDescriptions":{"nb":"Kommentar til og registrering av andre faktorer som kan påvirke blodtrykksmålingen. For eksempel angst eller \"hvit frakk syndrom\", smerter eller feber, endringer i atmosfærisk trykk osv.","en":"*Kommentar til og registrering av andre faktorer som kan påvirke blodtrykksmålingen. For eksempel angst eller \"hvit frakk syndrom\", smerter eller feber, endringer i atmosfærisk trykk osv. (nb)"},"rmType":"DV_TEXT","nodeId":"at1052","min":0,"max":1,"aqlPath":"/content[openEHR-EHR-OBSERVATION.blood_pressure.v1]/data[at0001]/events[at1042]/state[at0007]/items[at1052]/value","inputs":[{"type":"TEXT","list":[],"listOpen":false}],"formId":"klinisk_kontakt/blodtrykk/24-timers_gjennomsnitt/konfunderende_faktorer","viewConfig":{"multiplicity":{"min":0,"max":1},"advanced":{"hidden":false,"readonly":false,"hideFrame":false,"render":false},"label":{"custom":false,"useLocalizations":false},"size":{"field":"inherit","label":"inherit"},"layout":{"label":{"valign":"inherit","align":"inherit"},"field":{"valign":"inherit","align":"inherit"}},"datasource":{"loadRemote":false,"parameters":{}},"annotations":{},"field":{"lines":null,"input":{},"formatting":null}}},{"name":"Søvnstatus","localizedName":"Søvnstatus","localizedNames":{"en":"*Søvnstatus (nb)","nb":"Søvnstatus"},"localizedDescriptions":{"nb":"Søvnstatus - understøtter tolkning av 24 timers ambulant blodtrykksmåling.","en":"*Søvnstatus - understøtter tolkning av 24 timers ambulant blodtrykksmåling. (nb)"},"rmType":"DV_CODED_TEXT","nodeId":"at1043","min":0,"max":1,"aqlPath":"/content[openEHR-EHR-OBSERVATION.blood_pressure.v1]/data[at0001]/events[at1042]/state[at0007]/items[at1043]/value","inputs":[{"suffix":"code","type":"CODED_TEXT","list":[{"value":"at1044","label":"Våken","ordinal":0,"localizedLabels":{"nb":"Våken","en":"*Våken (nb)"},"localizedDescriptions":{"nb":"Individet er ved full bevissthet.","en":"*Individet er ved full bevissthet. (nb)"}},{"value":"at1045","label":"Sovende","ordinal":0,"localizedLabels":{"nb":"Sovende","en":"*Sovende (nb)"},"localizedDescriptions":{"nb":"Individet er i den naturlige tilstand av kroppslig hvile.","en":"*Individet er i den naturlige tilstand av kroppslig hvile. (nb)"}}],"listOpen":false}],"formId":"klinisk_kontakt/blodtrykk/24-timers_gjennomsnitt/søvnstatus","viewConfig":{"multiplicity":{"min":0,"max":1},"advanced":{"hidden":false,"readonly":false,"hideFrame":false,"render":false},"label":{"custom":false,"useLocalizations":false},"size":{"field":"inherit","label":"inherit"},"layout":{"label":{"valign":"inherit","align":"inherit"},"field":{"valign":"inherit","align":"inherit"}},"annotations":{},"field":{"code":{"presentation":"combobox","columns":"2"}}}},{"name":"Math function","localizedName":"Math function","localizedNames":{"en":"*Math function (en)","nb":"Math function"},"localizedDescriptions":{},"rmType":"DV_CODED_TEXT","min":0,"max":1,"aqlPath":"/content[openEHR-EHR-OBSERVATION.blood_pressure.v1]/data[at0001]/events[at1042]/math_function","inputs":[{"suffix":"code","type":"CODED_TEXT","list":[{"value":"146","label":"mean","ordinal":0,"localizedLabels":{"en":"mean","nb":"gjennomsnitt","ru":"средний"},"localizedDescriptions":{}}],"listOpen":false}],"formId":"klinisk_kontakt/blodtrykk/24-timers_gjennomsnitt/math_function","viewConfig":{"multiplicity":{"min":0,"max":1},"advanced":{"hidden":false,"readonly":false,"hideFrame":false,"render":false},"label":{"custom":false,"useLocalizations":false},"size":{"field":"inherit","label":"inherit"},"layout":{"label":{"valign":"inherit","align":"inherit"},"field":{"valign":"inherit","align":"inherit"}},"annotations":{},"field":{"code":{"presentation":"combobox","columns":"1"}}}},{"name":"Width","localizedName":"Width","localizedNames":{"en":"*Width (en)","nb":"Width"},"localizedDescriptions":{},"rmType":"DV_DURATION","min":0,"max":1,"aqlPath":"/content[openEHR-EHR-OBSERVATION.blood_pressure.v1]/data[at0001]/events[at1042]/width","inputs":[{"suffix":"year","type":"INTEGER","validation":{"range":{"minOp":">=","min":0.0,"maxOp":"<=","max":0.0}},"defaultValue":"0","listOpen":false},{"suffix":"month","type":"INTEGER","validation":{"range":{"minOp":">=","min":0.0,"maxOp":"<=","max":0.0}},"defaultValue":"0","listOpen":false},{"suffix":"day","type":"INTEGER","validation":{"range":{"minOp":">=","min":0.0,"maxOp":"<=","max":0.0}},"defaultValue":"0","listOpen":false},{"suffix":"week","type":"INTEGER","validation":{"range":{"minOp":">=","min":0.0,"maxOp":"<=","max":0.0}},"defaultValue":"0","listOpen":false},{"suffix":"hour","type":"INTEGER","validation":{"range":{"minOp":">=","min":24.0,"maxOp":"<=","max":24.0}},"defaultValue":"0","listOpen":false},{"suffix":"minute","type":"INTEGER","validation":{"range":{"minOp":">=","min":0.0,"maxOp":"<=","max":0.0}},"defaultValue":"0","listOpen":false},{"suffix":"second","type":"INTEGER","validation":{"range":{"minOp":">=","min":0.0,"maxOp":"<=","max":0.0}},"defaultValue":"0","listOpen":false}],"formId":"klinisk_kontakt/blodtrykk/24-timers_gjennomsnitt/width","viewConfig":{"multiplicity":{"min":0,"max":1},"advanced":{"hidden":false,"readonly":false,"hideFrame":false,"render":false},"label":{"custom":false,"useLocalizations":false},"size":{"field":"inherit","label":"inherit"},"layout":{"label":{"valign":"inherit","align":"inherit"},"field":{"valign":"inherit","align":"inherit"}},"annotations":{},"field":{"columns":"1","hidden":{"year":false,"month":false,"week":false,"day":false,"hour":false,"minute":false,"second":false}}}},{"name":"Time","localizedName":"Time","localizedNames":{"en":"*Time (en)","nb":"Time"},"localizedDescriptions":{},"rmType":"DV_DATE_TIME","min":0,"max":1,"aqlPath":"/content[openEHR-EHR-OBSERVATION.blood_pressure.v1]/data[at0001]/events[at1042]/time","inputs":[{"type":"DATETIME","listOpen":false}],"formId":"klinisk_kontakt/blodtrykk/24-timers_gjennomsnitt/time","viewConfig":{"multiplicity":{"min":0,"max":1},"advanced":{"hidden":false,"readonly":false,"hideFrame":false,"render":false},"label":{"custom":false,"useLocalizations":false},"size":{"field":"inherit","label":"inherit"},"layout":{"label":{"valign":"inherit","align":"inherit"},"field":{"valign":"inherit","align":"inherit"}},"annotations":{},"field":{"input":{"hideTime":false,"dateFormat":"","hideDate":false}}}}]},{"name":"Mansjettstørrelse","localizedName":"Mansjettstørrelse","localizedNames":{"en":"*Mansjettstørrelse (nb)","nb":"Mansjettstørrelse"},"localizedDescriptions":{"nb":"Størrelse på blodtrykkmansjetten som anvendes til måling av blodtrykket. (Cuffstørrelse)","en":"*Størrelse på blodtrykkmansjetten som anvendes til måling av blodtrykket. (Cuffstørrelse) (nb)"},"rmType":"DV_CODED_TEXT","nodeId":"at0013","min":0,"max":1,"aqlPath":"/content[openEHR-EHR-OBSERVATION.blood_pressure.v1]/protocol[at0011]/items[at0013]/value","inputs":[{"suffix":"code","type":"CODED_TEXT","list":[{"value":"at0015","label":"Lår voksne","ordinal":0,"localizedLabels":{"nb":"Lår voksne","en":"*Lår voksne (nb)"},"localizedDescriptions":{"nb":"Mansjett for bruk rundt låret til voksne individer.","en":"*Mansjett for bruk rundt låret til voksne individer. (nb)"}},{"value":"at0016","label":"Store voksne","ordinal":0,"localizedLabels":{"nb":"Store voksne","en":"*Store voksne (nb)"},"localizedDescriptions":{"nb":"En blodtrykksmansjett for voksne med store armer.","en":"*En blodtrykksmansjett for voksne med store armer. (nb)"}},{"value":"at0017","label":"Voksne","ordinal":0,"localizedLabels":{"nb":"Voksne","en":"*Voksne (nb)"},"localizedDescriptions":{"nb":"En standard blodtrykksmansjett til voksne.","en":"*En standard blodtrykksmansjett til voksne. (nb)"}},{"value":"at1008","label":"Små voksne","ordinal":0,"localizedLabels":{"nb":"Små voksne","en":"*Små voksne (nb)"},"localizedDescriptions":{"nb":"En blodtrykksmansjett for små voksne.","en":"*En blodtrykksmansjett for små voksne. (nb)"}},{"value":"at1009","label":"Barn","ordinal":0,"localizedLabels":{"nb":"Barn","en":"*Barn (nb)"},"localizedDescriptions":{"nb":"En blodtrykksmansjett til barn eller små voksne med tynne armer.","en":"*En blodtrykksmansjett til barn eller små voksne med tynne armer. (nb)"}},{"value":"at1018","label":"Spedbarn","ordinal":0,"localizedLabels":{"nb":"Spedbarn","en":"*Spedbarn (nb)"},"localizedDescriptions":{"nb":"En blodtrykksmansjett til bruk for spedbarn.","en":"*En blodtrykksmansjett til bruk for spedbarn. (nb)"}},{"value":"at1019","label":"Neonatale","ordinal":0,"localizedLabels":{"nb":"Neonatale","en":"*Neonatale (nb)"},"localizedDescriptions":{"nb":"En blodtrykksmansjett til bruk for neonatale, forutsatt at blodtrykksmansjetten er tilpasset i størrelse for modenhet og fødselsvekt.","en":"*En blodtrykksmansjett til bruk for neonatale, forutsatt at blodtrykksmansjetten er tilpasset i størrelse for modenhet og fødselsvekt. (nb)"}}],"listOpen":false}],"formId":"klinisk_kontakt/blodtrykk/mansjettstørrelse","viewConfig":{"multiplicity":{"min":0,"max":1},"advanced":{"hidden":false,"readonly":false,"hideFrame":false,"render":false},"label":{"custom":false,"useLocalizations":false},"size":{"field":"inherit","label":"inherit"},"layout":{"label":{"valign":"inherit","align":"inherit"},"field":{"valign":"inherit","align":"inherit"}},"annotations":{},"field":{"code":{"presentation":"combobox","columns":"7"}}}},{"name":"Målested","localizedName":"Målested","localizedNames":{"en":"*Målested (nb)","nb":"Målested"},"localizedDescriptions":{"nb":"Anatomisk sted hvor blodtrykket måles. Bruk listen over interne koder for valg av vanlige målesteder. Bruk fri eller kodet tekst for registrering av mer spesifikke detaljer eller et målested som ikke inngår i listen over vanlige steder. Henvis eventuelt til ekstern terminologi.","en":"*Anatomisk sted hvor blodtrykket måles. Bruk listen over interne koder for valg av vanlige målesteder. Bruk fri eller kodet tekst for registrering av mer spesifikke detaljer eller et målested som ikke inngår i listen over vanlige steder. Henvis eventuelt til ekstern terminologi. (nb)"},"rmType":"ELEMENT","nodeId":"at0014","min":0,"max":1,"aqlPath":"/content[openEHR-EHR-OBSERVATION.blood_pressure.v1]/protocol[at0011]/items[at0014]","inputs":[],"formId":"klinisk_kontakt/blodtrykk/målested","viewConfig":{"multiplicity":{"min":0,"max":1},"advanced":{"hidden":false,"readonly":false,"hideFrame":false,"render":false},"label":{"custom":false,"useLocalizations":false},"size":{"field":"inherit","label":"inherit"},"layout":{"label":{"valign":"inherit","align":"inherit"},"field":{"valign":"inherit","align":"inherit"}},"annotations":{}},"children":[{"name":"Målested","localizedName":"Målested","localizedNames":{"en":"*Målested (nb)","nb":"Målested"},"localizedDescriptions":{"nb":"Anatomisk sted hvor blodtrykket måles. Bruk listen over interne koder for valg av vanlige målesteder. Bruk fri eller kodet tekst for registrering av mer spesifikke detaljer eller et målested som ikke inngår i listen over vanlige steder. Henvis eventuelt til ekstern terminologi.","en":"*Anatomisk sted hvor blodtrykket måles. Bruk listen over interne koder for valg av vanlige målesteder. Bruk fri eller kodet tekst for registrering av mer spesifikke detaljer eller et målested som ikke inngår i listen over vanlige steder. Henvis eventuelt til ekstern terminologi. (nb)"},"rmType":"DV_CODED_TEXT","nodeId":"","min":1,"max":1,"aqlPath":"/content[openEHR-EHR-OBSERVATION.blood_pressure.v1]/protocol[at0011]/items[at0014]/value","inputs":[{"suffix":"code","type":"CODED_TEXT","list":[{"value":"at0025","label":"Overarm, høyre","ordinal":0,"localizedLabels":{"nb":"Overarm, høyre","en":"*Overarm, høyre (nb)"},"localizedDescriptions":{"nb":"Individets høyre overarm.","en":"*Individets høyre overarm. (nb)"}},{"value":"at0026","label":"Overarm, venstre","ordinal":0,"localizedLabels":{"nb":"Overarm, venstre","en":"*Overarm, venstre (nb)"},"localizedDescriptions":{"nb":"Individets venstre overarm.","en":"*Individets venstre overarm. (nb)"}},{"value":"at0027","label":"Lår, høyre","ordinal":0,"localizedLabels":{"nb":"Lår, høyre","en":"*Lår, høyre (nb)"},"localizedDescriptions":{"nb":"Individets høyre lår.","en":"*Individets høyre lår. (nb)"}},{"value":"at0028","label":"Lår, venstre","ordinal":0,"localizedLabels":{"nb":"Lår, venstre","en":"*Lår, venstre (nb)"},"localizedDescriptions":{"nb":"Individets venstre lår.","en":"*Individets venstre lår. (nb)"}},{"value":"at1020","label":"Håndledd, høyre","ordinal":0,"localizedLabels":{"nb":"Håndledd, høyre","en":"*Håndledd, høyre (nb)"},"localizedDescriptions":{"nb":"Individets høyre håndledd.","en":"*Individets høyre håndledd. (nb)"}},{"value":"at1021","label":"Håndledd, venstre","ordinal":0,"localizedLabels":{"nb":"Håndledd, venstre","en":"*Håndledd, venstre (nb)"},"localizedDescriptions":{"nb":"Individets venstre håndledd.","en":"*Individets venstre håndledd. (nb)"}},{"value":"at1026","label":"Ankel, høyre","ordinal":0,"localizedLabels":{"nb":"Ankel, høyre","en":"*Ankel, høyre (nb)"},"localizedDescriptions":{"nb":"Individets høyre ankel.","en":"*Individets høyre ankel. (nb)"}},{"value":"at1031","label":"Ankel, venstre","ordinal":0,"localizedLabels":{"nb":"Ankel, venstre","en":"*Ankel, venstre (nb)"},"localizedDescriptions":{"nb":"Individets venstre ankel.","en":"*Individets venstre ankel. (nb)"}},{"value":"at1032","label":"Finger","ordinal":0,"localizedLabels":{"nb":"Finger","en":"*Finger (nb)"},"localizedDescriptions":{"nb":"Individets finger. Dersom identifikasjon av den spesifikke fingeren er nødvendig, kan dette legges inn ved hjelp av feltet med fri eller kodet tekst.","en":"*Individets finger. Dersom identifikasjon av den spesifikke fingeren er nødvendig, kan dette legges inn ved hjelp av feltet med fri eller kodet tekst. (nb)"}},{"value":"at1051","label":"Tå","ordinal":0,"localizedLabels":{"nb":"Tå","en":"*Tå (nb)"},"localizedDescriptions":{"nb":"Individets tå. Dersom identifikasjon av den spesifikke tåen er nødvendig, kan dette legges inn ved hjelp av feltet med fri eller kodet tekst.","en":"*Individets tå. Dersom identifikasjon av den spesifikke tåen er nødvendig, kan dette legges inn ved hjelp av feltet med fri eller kodet tekst. (nb)"}},{"value":"at1056","label":"Fotrygg","ordinal":0,"localizedLabels":{"nb":"Fotrygg","en":"*Fotrygg (nb)"},"localizedDescriptions":{"nb":"Individets fotrygg.","en":"*Individets fotrygg. (nb)"}}],"listOpen":false}],"formId":"klinisk_kontakt/blodtrykk/målested/value","viewConfig":{"multiplicity":{"min":1,"max":1},"advanced":{"hidden":false,"readonly":false,"hideFrame":false,"render":false},"label":{"custom":false,"useLocalizations":false},"size":{"field":"inherit","label":"inherit"},"layout":{"label":{"valign":"inherit","align":"inherit"},"field":{"valign":"inherit","align":"inherit"}},"annotations":{},"field":{"code":{"presentation":"combobox","columns":"11"}}}},{"name":"Målested","localizedName":"Målested","localizedNames":{"en":"*Målested (nb)","nb":"Målested"},"localizedDescriptions":{"nb":"Anatomisk sted hvor blodtrykket måles. Bruk listen over interne koder for valg av vanlige målesteder. Bruk fri eller kodet tekst for registrering av mer spesifikke detaljer eller et målested som ikke inngår i listen over vanlige steder. Henvis eventuelt til ekstern terminologi.","en":"*Anatomisk sted hvor blodtrykket måles. Bruk listen over interne koder for valg av vanlige målesteder. Bruk fri eller kodet tekst for registrering av mer spesifikke detaljer eller et målested som ikke inngår i listen over vanlige steder. Henvis eventuelt til ekstern terminologi. (nb)"},"rmType":"DV_TEXT","nodeId":"","min":1,"max":1,"aqlPath":"/content[openEHR-EHR-OBSERVATION.blood_pressure.v1]/protocol[at0011]/items[at0014]/value","inputs":[{"type":"TEXT","list":[],"listOpen":false}],"formId":"klinisk_kontakt/blodtrykk/målested/value2","viewConfig":{"multiplicity":{"min":1,"max":1},"advanced":{"hidden":false,"readonly":false,"hideFrame":false,"render":false},"label":{"custom":false,"useLocalizations":false},"size":{"field":"inherit","label":"inherit"},"layout":{"label":{"valign":"inherit","align":"inherit"},"field":{"valign":"inherit","align":"inherit"}},"datasource":{"loadRemote":false,"parameters":{}},"annotations":{},"field":{"lines":null,"input":{},"formatting":null}}}]},{"name":"Målemetode","localizedName":"Målemetode","localizedNames":{"en":"*Målemetode (nb)","nb":"Målemetode"},"localizedDescriptions":{"nb":"Metode for måling av blodtrykket.","en":"*Metode for måling av blodtrykket. (nb)"},"rmType":"DV_CODED_TEXT","nodeId":"at1035","min":0,"max":1,"aqlPath":"/content[openEHR-EHR-OBSERVATION.blood_pressure.v1]/protocol[at0011]/items[at1035]/value","inputs":[{"suffix":"code","type":"CODED_TEXT","list":[{"value":"at1036","label":"Auskultasjon","ordinal":0,"localizedLabels":{"nb":"Auskultasjon","en":"*Auskultasjon (nb)"},"localizedDescriptions":{"nb":"Metode for måling av blodtrykk eksternt, ved hjelp av stetoskop og Korotkofflyder.","en":"*Metode for måling av blodtrykk eksternt, ved hjelp av stetoskop og Korotkofflyder. (nb)"}},{"value":"at1037","label":"Palpasjon","ordinal":0,"localizedLabels":{"nb":"Palpasjon","en":"*Palpasjon (nb)"},"localizedDescriptions":{"nb":"Metode for måling av blodtrykket eksternt, ved hjelp av palpasjon (vanligvis av arteriene brachialis eller radialis).","en":"*Metode for måling av blodtrykket eksternt, ved hjelp av palpasjon (vanligvis av arteriene brachialis eller radialis). (nb)"}},{"value":"at1039","label":"Automatisk, non-invasivt","ordinal":0,"localizedLabels":{"nb":"Automatisk, non-invasivt","en":"*Automatisk, non-invasivt (nb)"},"localizedDescriptions":{"nb":"Metode for non-invasiv måling av blodtrykket ved hjelp av en maskin som automatisk måler blodtrykket, for eksempel et måleapparat eller en blodtrykksmåler for hjemmebruk.","en":"*Metode for non-invasiv måling av blodtrykket ved hjelp av en maskin som automatisk måler blodtrykket, for eksempel et måleapparat eller en blodtrykksmåler for hjemmebruk. (nb)"}},{"value":"at1040","label":"Automatisk, invasivt","ordinal":0,"localizedLabels":{"nb":"Automatisk, invasivt","en":"*Automatisk, invasivt (nb)"},"localizedDescriptions":{"nb":"Metode for måling av blodtrykket invasivt med innleggelse av intravasalkateter i en blodåre.","en":"*Metode for måling av blodtrykket invasivt med innleggelse av intravasalkateter i en blodåre. (nb)"}}],"listOpen":false}],"formId":"klinisk_kontakt/blodtrykk/målemetode","viewConfig":{"multiplicity":{"min":0,"max":1},"advanced":{"hidden":false,"readonly":false,"hideFrame":false,"render":false},"label":{"custom":false,"useLocalizations":false},"size":{"field":"inherit","label":"inherit"},"layout":{"label":{"valign":"inherit","align":"inherit"},"field":{"valign":"inherit","align":"inherit"}},"annotations":{},"field":{"code":{"presentation":"combobox","columns":"4"}}}},{"name":"Formel for beregning av MAP","localizedName":"Formel for beregning av MAP","localizedNames":{"en":"*Formel for beregning av MAP (nb)","nb":"Formel for beregning av MAP"},"localizedDescriptions":{"nb":"Eventuell formel som er anvendt til beregning av middeltrykket (MAP).","en":"*Eventuell formel som er anvendt til beregning av middeltrykket (MAP). (nb)"},"rmType":"DV_TEXT","nodeId":"at1038","min":0,"max":1,"aqlPath":"/content[openEHR-EHR-OBSERVATION.blood_pressure.v1]/protocol[at0011]/items[at1038]/value","inputs":[{"type":"TEXT","list":[],"listOpen":false}],"formId":"klinisk_kontakt/blodtrykk/formel_for_beregning_av_map","viewConfig":{"multiplicity":{"min":0,"max":1},"advanced":{"hidden":false,"readonly":false,"hideFrame":false,"render":false},"label":{"custom":false,"useLocalizations":false},"size":{"field":"inherit","label":"inherit"},"layout":{"label":{"valign":"inherit","align":"inherit"},"field":{"valign":"inherit","align":"inherit"}},"datasource":{"loadRemote":false,"parameters":{}},"annotations":{},"field":{"lines":null,"input":{},"formatting":null}}},{"name":"Formel for beregning av systolisk trykk","localizedName":"Formel for beregning av systolisk trykk","localizedNames":{"en":"*Formel for beregning av systolisk trykk (nb)","nb":"Formel for beregning av systolisk trykk"},"localizedDescriptions":{"nb":"Formelen som anvendes til beregning av systolisk blodtrykk dersom det benyttes en maskin som måler middeltrykket og beregner systolisk og diastolisk trykk.","en":"*Formelen som anvendes til beregning av systolisk blodtrykk dersom det benyttes en maskin som måler middeltrykket og beregner systolisk og diastolisk trykk. (nb)"},"rmType":"DV_TEXT","nodeId":"at1054","min":0,"max":1,"aqlPath":"/content[openEHR-EHR-OBSERVATION.blood_pressure.v1]/protocol[at0011]/items[at1054]/value","inputs":[{"type":"TEXT","list":[],"listOpen":false}],"formId":"klinisk_kontakt/blodtrykk/formel_for_beregning_av_systolisk_trykk","viewConfig":{"multiplicity":{"min":0,"max":1},"advanced":{"hidden":false,"readonly":false,"hideFrame":false,"render":false},"label":{"custom":false,"useLocalizations":false},"size":{"field":"inherit","label":"inherit"},"layout":{"label":{"valign":"inherit","align":"inherit"},"field":{"valign":"inherit","align":"inherit"}},"datasource":{"loadRemote":false,"parameters":{}},"annotations":{},"field":{"lines":null,"input":{},"formatting":null}}},{"name":"Formel for beregning av diastolisk trykk","localizedName":"Formel for beregning av diastolisk trykk","localizedNames":{"en":"*Formel for beregning av diastolisk trykk (nb)","nb":"Formel for beregning av diastolisk trykk"},"localizedDescriptions":{"nb":"Formelen som anvendes til beregning av diastolisk blodtrykk dersom det benyttes en maskin som måler middeltrykket og beregner systolisk og diastolisk trykk.","en":"*Formelen som anvendes til beregning av diastolisk blodtrykk dersom det benyttes en maskin som måler middeltrykket og beregner systolisk og diastolisk trykk. (nb)"},"rmType":"DV_TEXT","nodeId":"at1055","min":0,"max":1,"aqlPath":"/content[openEHR-EHR-OBSERVATION.blood_pressure.v1]/protocol[at0011]/items[at1055]/value","inputs":[{"type":"TEXT","list":[],"listOpen":false}],"formId":"klinisk_kontakt/blodtrykk/formel_for_beregning_av_diastolisk_trykk","viewConfig":{"multiplicity":{"min":0,"max":1},"advanced":{"hidden":false,"readonly":false,"hideFrame":false,"render":false},"label":{"custom":false,"useLocalizations":false},"size":{"field":"inherit","label":"inherit"},"layout":{"label":{"valign":"inherit","align":"inherit"},"field":{"valign":"inherit","align":"inherit"}},"datasource":{"loadRemote":false,"parameters":{}},"annotations":{},"field":{"lines":null,"input":{},"formatting":null}}},{"name":"Diastolisk endepunkt","localizedName":"Diastolisk endepunkt","localizedNames":{"en":"*Diastolisk endepunkt (nb)","nb":"Diastolisk endepunkt"},"localizedDescriptions":{"nb":"Registrering av hvilken av Korotkofflydene som brukes for å bestemme det diastoliske blodtrykket ved hjelp av auskultasjon.","en":"*Registrering av hvilken av Korotkofflydene som brukes for å bestemme det diastoliske blodtrykket ved hjelp av auskultasjon. (nb)"},"rmType":"DV_CODED_TEXT","nodeId":"at1010","min":0,"max":1,"aqlPath":"/content[openEHR-EHR-OBSERVATION.blood_pressure.v1]/protocol[at0011]/items[at1010]/value","inputs":[{"suffix":"code","type":"CODED_TEXT","list":[{"value":"at1011","label":"Fase IV","ordinal":0,"localizedLabels":{"nb":"Fase IV","en":"*Fase IV (nb)"},"localizedDescriptions":{"nb":"Den fjerde Korotkoff lyd som identifieres som en brå demping av lydene.","en":"*Den fjerde Korotkoff lyd som identifieres som en brå demping av lydene. (nb)"}},{"value":"at1012","label":"Fase V","ordinal":0,"localizedLabels":{"nb":"Fase V","en":"*Fase V (nb)"},"localizedDescriptions":{"nb":"Den femte Korotkoff lyd som identifiseres som fraværet av lyder idet mansjettrykket faller under det diastoliske blodtrykket.","en":"*Den femte Korotkoff lyd som identifiseres som fraværet av lyder idet mansjettrykket faller under det diastoliske blodtrykket. (nb)"}}],"listOpen":false}],"formId":"klinisk_kontakt/blodtrykk/diastolisk_endepunkt","viewConfig":{"multiplicity":{"min":0,"max":1},"advanced":{"hidden":false,"readonly":false,"hideFrame":false,"render":false},"label":{"custom":false,"useLocalizations":false},"size":{"field":"inherit","label":"inherit"},"layout":{"label":{"valign":"inherit","align":"inherit"},"field":{"valign":"inherit","align":"inherit"}},"annotations":{},"field":{"code":{"presentation":"combobox","columns":"2"}}}},{"name":"other_participations","localizedName":"other_participations","localizedNames":{"en":"*other_participations (en)","nb":"other_participations"},"localizedDescriptions":{},"rmType":"PARTICIPATION","min":0,"max":-1,"aqlPath":"/content[openEHR-EHR-OBSERVATION.blood_pressure.v1]/other_participations","inputs":[],"formId":"klinisk_kontakt/blodtrykk/other_participations","viewConfig":{"multiplicity":{"min":0,"max":-1},"advanced":{"hidden":false,"readonly":false,"hideFrame":false,"render":false},"label":{"custom":false,"useLocalizations":false},"size":{"field":"inherit","label":"inherit"},"layout":{"label":{"valign":"inherit","align":"inherit"},"field":{"valign":"inherit","align":"inherit"}},"annotations":{},"field":{"name":null}},"children":[{"name":"function","localizedName":"function","localizedNames":{"en":"*function (en)","nb":"function"},"localizedDescriptions":{},"rmType":"DV_TEXT","min":1,"max":1,"aqlPath":"/content[openEHR-EHR-OBSERVATION.blood_pressure.v1]/other_participations/function","inputs":[{"type":"TEXT","list":[],"listOpen":false}],"formId":"klinisk_kontakt/blodtrykk/other_participations/function","viewConfig":{"multiplicity":{"min":1,"max":1},"advanced":{"hidden":false,"readonly":false,"hideFrame":false,"render":false},"label":{"custom":false,"useLocalizations":false},"size":{"field":"inherit","label":"inherit"},"layout":{"label":{"valign":"inherit","align":"inherit"},"field":{"valign":"inherit","align":"inherit"}},"datasource":{"loadRemote":false,"parameters":{}},"annotations":{},"field":{"lines":null,"input":{},"formatting":null}}},{"name":"performer","localizedName":"performer","localizedNames":{"en":"*performer (en)","nb":"performer"},"localizedDescriptions":{},"rmType":"PARTY_IDENTIFIED","min":1,"max":1,"aqlPath":"/content[openEHR-EHR-OBSERVATION.blood_pressure.v1]/other_participations/performer","inputs":[],"formId":"klinisk_kontakt/blodtrykk/other_participations/performer","viewConfig":{"multiplicity":{"min":1,"max":1},"advanced":{"hidden":false,"readonly":false,"hideFrame":false,"render":false},"label":{"custom":false,"useLocalizations":false},"size":{"field":"inherit","label":"inherit"},"layout":{"label":{"valign":"inherit","align":"inherit"},"field":{"valign":"inherit","align":"inherit"}},"annotations":{},"field":{"name":null}}},{"name":"mode","localizedName":"mode","localizedNames":{"en":"*mode (en)","nb":"mode"},"localizedDescriptions":{},"rmType":"DV_CODED_TEXT","min":0,"max":1,"aqlPath":"/content[openEHR-EHR-OBSERVATION.blood_pressure.v1]/other_participations/mode","inputs":[{"suffix":"code","type":"CODED_TEXT","list":[],"listOpen":false}],"formId":"klinisk_kontakt/blodtrykk/other_participations/mode","viewConfig":{"multiplicity":{"min":0,"max":1},"advanced":{"hidden":false,"readonly":false,"hideFrame":false,"render":false},"label":{"custom":false,"useLocalizations":false},"size":{"field":"inherit","label":"inherit"},"layout":{"label":{"valign":"inherit","align":"inherit"},"field":{"valign":"inherit","align":"inherit"}},"annotations":{},"field":{}}},{"name":"time","localizedName":"time","localizedNames":{"en":"*time (en)","nb":"time"},"localizedDescriptions":{},"rmType":"DV_INTERVAL<DV_DATE_TIME>","min":0,"max":1,"aqlPath":"/content[openEHR-EHR-OBSERVATION.blood_pressure.v1]/other_participations/time","inputs":[],"formId":"klinisk_kontakt/blodtrykk/other_participations/time","viewConfig":{"multiplicity":{"min":0,"max":1},"advanced":{"hidden":false,"readonly":false,"hideFrame":false,"render":false},"label":{"custom":false,"useLocalizations":false},"size":{"field":"inherit","label":"inherit"},"layout":{"label":{"valign":"inherit","align":"inherit"},"field":{"valign":"inherit","align":"inherit"}},"annotations":{}},"children":[{"localizedNames":{},"localizedDescriptions":{},"rmType":"DV_DATE_TIME","min":0,"max":0,"aqlPath":"/content[openEHR-EHR-OBSERVATION.blood_pressure.v1]/other_participations/time/upper","inputs":[{"type":"DATETIME","listOpen":false}],"formId":"klinisk_kontakt/blodtrykk/other_participations/time/upper","viewConfig":{"annotations":{},"field":{"input":{"hideTime":false,"dateFormat":"","hideDate":false}}}},{"localizedNames":{},"localizedDescriptions":{},"rmType":"DV_DATE_TIME","min":0,"max":0,"aqlPath":"/content[openEHR-EHR-OBSERVATION.blood_pressure.v1]/other_participations/time/lower","inputs":[{"type":"DATETIME","listOpen":false}],"formId":"klinisk_kontakt/blodtrykk/other_participations/time/lower","viewConfig":{"annotations":{},"field":{"input":{"hideTime":false,"dateFormat":"","hideDate":false}}}}]}]},{"name":"provider","localizedName":"provider","localizedNames":{"en":"*provider (en)","nb":"provider"},"localizedDescriptions":{},"rmType":"PARTY_IDENTIFIED","min":0,"max":1,"aqlPath":"/content[openEHR-EHR-OBSERVATION.blood_pressure.v1]/provider","inputs":[],"formId":"klinisk_kontakt/blodtrykk/other_participations/provider","viewConfig":{"multiplicity":{"min":0,"max":1},"advanced":{"hidden":false,"readonly":false,"hideFrame":false,"render":false},"label":{"custom":false,"useLocalizations":false},"size":{"field":"inherit","label":"inherit"},"layout":{"label":{"valign":"inherit","align":"inherit"},"field":{"valign":"inherit","align":"inherit"}},"annotations":{},"field":{"name":null}}}]}]}],"inContext":false}