{"name":"Form root","localizedNames":{},"localizedDescriptions":{},"rmType":"FORM_DEFINITION","min":0,"max":0,"formId":"form_root","viewConfig":{"label":{"custom":false,"useLocalizations":false},"size":{"field":"inherit","label":"inherit"},"layout":{"label":{"valign":"inherit","align":"inherit"},"field":{"valign":"inherit","align":"inherit"}},"annotations":{"#MainQuery":"select o\r\nfrom composition c\r\ncontains OBSERVATION o[openEHR-EHR-OBSERVATION.blood_pressure.v1]\r\norder by c/context/start_time/value desc\r\nlimit 10\r\n\r\n"}},"children":[{"name":"Blodtrykk","localizedName":"Blodtrykk","localizedNames":{"en":"Blood pressure","nb":"Blodtrykk"},"localizedDescriptions":{"nb":"Måling av blodtrykket som uttrykk for det arterielle blodtrykk i det systemiske kretsløp.","en":"*Måling av blodtrykket som uttrykk for det arterielle blodtrykk i det systemiske kretsløp. (nb)"},"rmType":"OBSERVATION","nodeId":"openEHR-EHR-OBSERVATION.blood_pressure.v1","min":1,"max":100,"aqlPath":"/content[openEHR-EHR-OBSERVATION.blood_pressure.v1]","inputs":[],"formId":"encounter/blodtrykk","viewConfig":{"multiplicity":{"min":1,"max":100},"advanced":{"hidden":false,"readonly":false,"hideFrame":false,"render":false},"label":{"custom":false,"useLocalizations":false},"size":{"field":"inherit","label":"3"},"layout":{"label":{"valign":"inherit","align":"inherit"},"field":{"valign":"inherit","align":"inherit"}},"annotations":{"selectreadonly":"{#MainQuery}"},"field":{}},"children":[{"name":"Systolisk","localizedName":"Systolisk","localizedNames":{"en":"Systolic","nb":"Systolisk"},"localizedDescriptions":{"nb":"Maksimalt systemisk arterielt blodtrykk - målt i systolen, det vil si i hjertets kontraksjonsfase.","en":"*Maksimalt systemisk arterielt blodtrykk - målt i systolen, det vil si i hjertets kontraksjonsfase. (nb)"},"rmType":"DV_QUANTITY","nodeId":"at0004","min":1,"max":1,"aqlPath":"/content[openEHR-EHR-OBSERVATION.blood_pressure.v1]/data[at0001]/events[at0006]/data[at0003]/items[at0004]/value","inputs":[{"suffix":"magnitude","type":"DECIMAL","defaultValue":"","listOpen":false},{"suffix":"unit","type":"CODED_TEXT","list":[{"value":"mm[Hg]","label":"mm[Hg]","validation":{"range":{"minOp":">=","min":0.0,"maxOp":"<","max":1000.0},"precision":{"minOp":">=","min":0.0,"maxOp":"<=","max":0.0}},"ordinal":0,"localizedLabels":{},"localizedDescriptions":{}}],"defaultValue":"mm[Hg]","listOpen":false}],"formId":"encounter/blodtrykk/uspesifisert_hendelse/systolisk","viewConfig":{"multiplicity":{"min":1,"max":1},"advanced":{"hidden":false,"readonly":false,"hideFrame":false,"render":false},"label":{"custom":false,"useLocalizations":false},"size":{"field":"inherit","label":"inherit"},"layout":{"label":{"valign":"inherit","align":"inherit"},"field":{"valign":"inherit","align":"inherit"}},"annotations":{"calcId":"systolic"},"field":{}},"inContext":false},{"name":"Diastolisk","localizedName":"Diastolisk","localizedNames":{"en":"Diastolic","nb":"Diastolisk"},"localizedDescriptions":{"nb":"Laveste systemiske arterielle blodtrykk - målt i diastolen, det vil si under hjertets relaksasjonsfase.","en":"*Laveste systemiske arterielle blodtrykk - målt i diastolen, det vil si under hjertets relaksasjonsfase. (nb)"},"rmType":"DV_QUANTITY","nodeId":"at0005","min":1,"max":1,"aqlPath":"/content[openEHR-EHR-OBSERVATION.blood_pressure.v1]/data[at0001]/events[at0006]/data[at0003]/items[at0005]/value","inputs":[{"suffix":"magnitude","type":"DECIMAL","defaultValue":"","listOpen":false},{"suffix":"unit","type":"CODED_TEXT","list":[{"value":"mm[Hg]","label":"mm[Hg]","validation":{"range":{"minOp":">=","min":0.0,"maxOp":"<","max":1000.0},"precision":{"minOp":">=","min":0.0,"maxOp":"<=","max":0.0}},"ordinal":0,"localizedLabels":{},"localizedDescriptions":{}}],"defaultValue":"mm[Hg]","listOpen":false}],"formId":"encounter/blodtrykk/uspesifisert_hendelse/diastolisk","viewConfig":{"multiplicity":{"min":1,"max":1},"advanced":{"hidden":false,"readonly":false,"hideFrame":false,"render":false},"label":{"custom":false,"useLocalizations":false},"size":{"field":"inherit","label":"inherit"},"layout":{"label":{"valign":"inherit","align":"inherit"},"field":{"valign":"inherit","align":"inherit"}},"annotations":{"calcId":"diastolic"},"field":{}},"inContext":false},{"name":"Middelarterietrykk","localizedName":"Middelarterietrykk","localizedNames":{"en":"MAP","nb":"Middelarterietrykk"},"localizedDescriptions":{"nb":"Det gjennomsnittlige trykket mot arterieveggen gjennom en enkelt hjertesyklus. Middeltrykk/MAP måles direkte eller beregnes ut fra systolisk og diastolisk trykk ved hjelp av en matematisk formel.","en":"*Det gjennomsnittlige trykket mot arterieveggen gjennom en enkelt hjertesyklus. Middeltrykk/MAP måles direkte eller beregnes ut fra systolisk og diastolisk trykk ved hjelp av en matematisk formel. (nb)"},"rmType":"DV_QUANTITY","nodeId":"at1006","min":0,"max":1,"aqlPath":"/content[openEHR-EHR-OBSERVATION.blood_pressure.v1]/data[at0001]/events[at0006]/data[at0003]/items[at1006]/value","inputs":[{"suffix":"magnitude","type":"DECIMAL","defaultValue":"","listOpen":false},{"suffix":"unit","type":"CODED_TEXT","list":[{"value":"mm[Hg]","label":"mm[Hg]","validation":{"range":{"minOp":">=","min":0.0,"maxOp":"<","max":1000.0},"precision":{"minOp":">=","min":0.0,"maxOp":"<=","max":0.0}},"ordinal":0,"localizedLabels":{},"localizedDescriptions":{}}],"defaultValue":"mm[Hg]","listOpen":false}],"formId":"encounter/blodtrykk/uspesifisert_hendelse/middelarterietrykk","viewConfig":{"multiplicity":{"min":0,"max":1},"advanced":{"hidden":false,"readonly":false,"hideFrame":false,"render":false},"label":{"custom":false,"useLocalizations":false},"size":{"field":"inherit","label":"inherit"},"layout":{"label":{"valign":"inherit","align":"inherit"},"field":{"valign":"inherit","align":"inherit"}},"annotations":{},"field":{}},"inContext":false},{"name":"Stilling","localizedName":"Stilling","localizedNames":{"en":"Position","nb":"Stilling"},"localizedDescriptions":{"nb":"Individets posisjon ved tidspunktet for målingen.","en":"*Individets posisjon ved tidspunktet for målingen. (nb)"},"rmType":"DV_CODED_TEXT","nodeId":"at0008","min":0,"max":1,"aqlPath":"/content[openEHR-EHR-OBSERVATION.blood_pressure.v1]/data[at0001]/events[at0006]/state[at0007]/items[at0008]/value","inputs":[{"suffix":"code","type":"CODED_TEXT","list":[{"value":"at1000","label":"Stående","ordinal":0,"localizedLabels":{"nb":"Stående","en":"*Stående (nb)"},"localizedDescriptions":{"nb":"Stående ved tidspunktet for målingen.","en":"*Stående ved tidspunktet for målingen. (nb)"}},{"value":"at1001","label":"Sittende","ordinal":0,"localizedLabels":{"nb":"Sittende","en":"*Sittende (nb)"},"localizedDescriptions":{"nb":"Sittende (for eksempel på en stol eller på en seng med føttene på gulvet) på tidspunkt for blodtrykksmålingen.","en":"*Sittende (for eksempel på en stol eller på en seng med føttene på gulvet) på tidspunkt for blodtrykksmålingen. (nb)"}},{"value":"at1002","label":"Tilbakelent","ordinal":0,"localizedLabels":{"nb":"Tilbakelent","en":"*Tilbakelent (nb)"},"localizedDescriptions":{"nb":"Sittende tilbakelent ca 45º og med beina hevet til samme høyde som hoften på tidspunkt for blodtrykksmålingen.","en":"*Sittende tilbakelent ca 45º og med beina hevet til samme høyde som hoften på tidspunkt for blodtrykksmålingen. (nb)"}},{"value":"at1003","label":"Liggende","ordinal":0,"localizedLabels":{"nb":"Liggende","en":"*Liggende (nb)"},"localizedDescriptions":{"nb":"Liggende flatt på tidspunkt for blodtrykksmålingen.","en":"*Liggende flatt på tidspunkt for blodtrykksmålingen. (nb)"}},{"value":"at1014","label":"Liggende lent mot venstre","ordinal":0,"localizedLabels":{"nb":"Liggende lent mot venstre","en":"*Liggende lent mot venstre (nb)"},"localizedDescriptions":{"nb":"Liggende flatt med noe lateral tilt, vanligvis vinklet mot venstre side. Vanligvis nødvendig i siste trimester av svangerskapet for å avlaste aortocaval komprimering.","en":"*Liggende flatt med noe lateral tilt, vanligvis vinklet mot venstre side. Vanligvis nødvendig i siste trimester av svangerskapet for å avlaste aortocaval komprimering. (nb)"}}],"listOpen":false}],"formId":"encounter/blodtrykk/uspesifisert_hendelse/stilling","viewConfig":{"multiplicity":{"min":0,"max":1},"advanced":{"hidden":false,"readonly":false,"hideFrame":false,"render":false},"label":{"custom":false,"useLocalizations":false},"size":{"field":"inherit","label":"inherit"},"layout":{"label":{"valign":"inherit","align":"inherit"},"field":{"valign":"inherit","align":"inherit"}},"annotations":{},"field":{"code":{"presentation":"combobox","columns":"5"}}},"inContext":false},{"name":"Tidspunkt for måling","localizedName":"Målingstidspunkt","localizedNames":{"en":"Time","nb":"Målingstidspunkt"},"localizedDescriptions":{},"rmType":"DV_DATE_TIME","min":1,"max":1,"aqlPath":"/content[openEHR-EHR-OBSERVATION.blood_pressure.v1]/data[at0001]/events[at0006]/time","inputs":[{"type":"DATETIME","listOpen":false}],"formId":"encounter/blodtrykk/uspesifisert_hendelse/time","viewConfig":{"multiplicity":{"min":1,"max":1},"advanced":{"hidden":false,"readonly":false,"hideFrame":false,"render":false},"label":{"custom":false,"useLocalizations":false},"size":{"field":"inherit","label":"inherit"},"layout":{"label":{"valign":"inherit","align":"inherit"},"field":{"valign":"inherit","align":"inherit"}},"annotations":{"templateVariable":"[Sys.Now]","constraint.func.upper":"nowticks()"},"field":{"input":{"hideTime":false,"dateFormat":"","hideDate":false}}},"inContext":false}],"inContext":false}],"inContext":false}