[{"col":1,"row":1,"width":12,"height":16,"children":[{"id":"encounter/blodtrykk","rows":[{"cols":[{"width":"50%","children":[{"id":"encounter/blodtrykk/uspesifisert_hendelse/systolisk","rows":[]},{"id":"encounter/blodtrykk/uspesifisert_hendelse/diastolisk","rows":[]},{"id":"encounter/blodtrykk/uspesifisert_hendelse/middelarterietrykk","rows":[]},{"id":"encounter/blodtrykk/uspesifisert_hendelse/stilling","rows":[]}]},{"width":"50%","children":[{"id":"encounter/blodtrykk/uspesifisert_hendelse/time","rows":[]}]}]}]}]}]